"scenario","p","m","n_true","m_ratio","n_ratio","replicate","acceptance_rate","effective_sample_size","ess_fraction","post_burn_in_draws","runtime","n_mode","n_sd","n_lower","n_upper"
"Easy",5,200,6,40,1.2,1,0.0532053205320532,113.827747335386,0.0189712912225644,6000,1.94000000000233,5.88699374425909,0.0933088861892331,5.76214581727982,6.11694592796266
"Easy",5,200,6,40,1.2,2,0.0593059305930593,164.440248529468,0.0274067080882447,6000,1.91999999999825,6.10719390971348,0.100418935321919,5.95539540199097,6.32392447534949
"Easy",5,200,6,40,1.2,3,0.0581058105810581,107.343241541201,0.0178905402568668,6000,1.9600000000064,5.88141421661691,0.096998498060754,5.72322717588395,6.11772948969156
"Easy",5,200,6,40,1.2,4,0.0537053705370537,119.167146241811,0.0198611910403019,6000,2.25,5.99164613869293,0.0946088103981414,5.80916380602866,6.1914044553414
"Easy",5,200,6,40,1.2,5,0.0558055805580558,169.594363938289,0.0282657273230482,6000,1.61999999999534,5.88052296318516,0.0886918488148694,5.7632600935176,6.09647457674146
"Easy",5,200,6,40,1.2,6,0.0591059105910591,117.438010153504,0.0195730016922507,6000,1.68999999998778,5.97592143775916,0.0918165299820589,5.84833913203329,6.24112376584671
"Easy",5,200,6,40,1.2,7,0.0537053705370537,85.2797351814226,0.0142132891969038,6000,1.66000000000349,6.01329014562041,0.0865156073153188,5.76626755483449,6.07458735413384
"Easy",5,200,6,40,1.2,8,0.0586058605860586,161.548137175521,0.0269246895292534,6000,1.60999999998603,6.35757556347042,0.105408403863196,6.1602299194783,6.56452369596809
"Easy",5,200,6,40,1.2,9,0.0528052805280528,97.933684754128,0.0163222807923547,6000,1.52999999999884,5.76887400924204,0.0700796207019462,5.62254587374628,5.89915082324296
"Easy",5,200,6,40,1.2,10,0.061006100610061,161.868234656439,0.0269780391094064,6000,1.61000000000058,6.2047962221909,0.0870484640416597,6.02710442338139,6.40830734092742
"Easy",5,200,6,40,1.2,11,0.0542054205420542,166.97594735628,0.02782932455938,6000,1.63999999999942,6.09550189029663,0.0842517465020121,5.88986286800355,6.22606498654932
"Easy",5,200,6,40,1.2,12,0.0536053605360536,97.0221762794622,0.0161703627132437,6000,1.58000000000175,5.96341346060094,0.0892004640155562,5.77402225323021,6.12755618803203
"Easy",5,200,6,40,1.2,13,0.0572057205720572,125.445633507081,0.0209076055845135,6000,1.65000000000873,6.09453231748454,0.0933312470875766,5.94852859247476,6.34962530713528
"Easy",5,200,6,40,1.2,14,0.0583058305830583,110.798229587759,0.0184663715979599,6000,1.63999999999942,6.19506581557465,0.0968062910316222,6.02324429247528,6.39954279176891
"Easy",5,200,6,40,1.2,15,0.0573057305730573,138.429628081798,0.0230716046802997,6000,1.58999999999651,5.88079544083528,0.0847049434526641,5.73023570794612,6.06306457705796
"Easy",5,200,6,40,1.2,16,0.0551055105510551,158.852220969963,0.0264753701616605,6000,1.63999999999942,5.93395883424061,0.0799423573118475,5.78595960792154,6.09942445345223
"Easy",5,200,6,40,1.2,17,0.0562056205620562,119.316127171082,0.0198860211951803,6000,1.61000000000058,5.89211506944397,0.0822414592592123,5.73821760155261,6.05437977332622
"Easy",5,200,6,40,1.2,18,0.0558055805580558,218.977969275918,0.036496328212653,6000,1.61999999999534,5.94443139346328,0.080431406121651,5.76520217955112,6.0821519959718
"Easy",5,200,6,40,1.2,19,0.0595059505950595,178.212181215932,0.0297020302026553,6000,1.61999999999534,6.12866832102856,0.0885070730661406,5.9373491872102,6.30174038186669
"Easy",5,200,6,40,1.2,20,0.0585058505850585,135.223922604938,0.0225373204341563,6000,1.58000000000175,6.04613812712615,0.0855331243267179,5.86487546283752,6.18424715660512
"Easy",5,200,6,40,1.2,21,0.0597059705970597,144.760768338169,0.0241267947230282,6000,1.61000000000058,6.05917780862007,0.0922168251189457,5.89475417975336,6.23575652763247
"Easy",5,200,6,40,1.2,22,0.0586058605860586,152.548117861293,0.0254246863102155,6000,1.7899999999936,5.94296124818066,0.0971927045172332,5.71328480727971,6.07919502817094
"Easy",5,200,6,40,1.2,23,0.0583058305830583,99.1112360296627,0.0165185393382771,6000,1.58999999999651,6.01457584341391,0.0971499251222016,5.80523092206568,6.1938958838582
"Easy",5,200,6,40,1.2,24,0.0596059605960596,125.113700401159,0.0208522834001932,6000,1.58999999999651,6.12860773577609,0.0922000493462753,5.96854789927602,6.35638634394854
"Easy",5,200,6,40,1.2,25,0.06000600060006,138.132742007947,0.0230221236679912,6000,1.66999999999825,5.98112079963579,0.0870977131866766,5.78754153847694,6.15490215551108
"Easy",5,200,6,40,1.2,26,0.0565056505650565,126.509108948074,0.0210848514913456,6000,1.58999999999651,6.11576793038257,0.0957812664038908,5.95476837926544,6.3462100494653
"Easy",5,200,6,40,1.2,27,0.0586058605860586,68.4135173113638,0.0114022528852273,6000,1.63999999999942,6.03542985777145,0.0955490681851928,5.86570502538234,6.22195327840745
"Easy",5,200,6,40,1.2,28,0.0565056505650565,167.483408105882,0.0279139013509803,6000,1.64999999999418,5.91629238246794,0.0828422859219596,5.78982838895172,6.09710540436208
"Easy",5,200,6,40,1.2,29,0.0519051905190519,100.026392659188,0.016671065443198,6000,1.60000000000582,5.98502173431599,0.0917116961503286,5.75583735946566,6.09872020315379
"Easy",5,200,6,40,1.2,30,0.0552055205520552,113.256447958304,0.0188760746597173,6000,1.63999999999942,5.99567304665163,0.0897417033660544,5.7825988298282,6.12579157575965
"Easy",5,200,6,40,1.2,31,0.0569056905690569,160.011603859483,0.0266686006432471,6000,1.69000000000233,6.20200181761327,0.0911550083931906,5.96755751036108,6.33275103569031
"Easy",5,200,6,40,1.2,32,0.055005500550055,106.907654400457,0.0178179424000762,6000,1.61999999999534,6.18602012649623,0.0886425540820115,5.97201280388981,6.33061793353409
"Easy",5,200,6,40,1.2,33,0.0571057105710571,118.459636595584,0.0197432727659307,6000,1.67999999999302,6.13941200229433,0.093580712464853,5.95386828389019,6.32655386254191
"Easy",5,200,6,40,1.2,34,0.0568056805680568,136.213099593521,0.0227021832655869,6000,1.66999999999825,5.88020810732266,0.0903833763498914,5.70335618313402,6.05853365641087
"Easy",5,200,6,40,1.2,35,0.0581058105810581,79.2208040198052,0.0132034673366342,6000,1.61000000000058,6.0347208017448,0.0974887826847715,5.9238444045186,6.31877580045257
"Easy",5,200,6,40,1.2,36,0.0578057805780578,114.594345297382,0.0190990575495636,6000,1.66999999999825,6.07936263370457,0.091985908792154,5.95034606289119,6.29320066794753
"Easy",5,200,6,40,1.2,37,0.0597059705970597,100.590820138253,0.0167651366897088,6000,1.67000000001281,6.11489963552826,0.0989983515113245,5.97316005267203,6.37163344677538
"Easy",5,200,6,40,1.2,38,0.0646064606460646,171.967425084898,0.0286612375141497,6000,1.68000000000757,6.1695739518117,0.0964655810012416,6.06556563731283,6.43309517670423
"Easy",5,200,6,40,1.2,39,0.0623062306230623,95.8083399288533,0.0159680566548089,6000,1.60000000000582,6.23630849860603,0.0996300835094046,6.03661567904055,6.43486808147281
"Easy",5,200,6,40,1.2,40,0.0546054605460546,142.948818913138,0.0238248031521897,6000,1.65999999998894,5.98680502296587,0.0898397546213317,5.84220650792122,6.1985009778291
"Easy",5,200,6,40,1.2,41,0.0602060206020602,118.727095047756,0.019787849174626,6000,1.61999999999534,6.02887319539151,0.0948398092494777,5.89008919056505,6.25977618712932
"Easy",5,200,6,40,1.2,42,0.0551055105510551,148.880868198038,0.0248134780330064,6000,1.61999999999534,6.20468158721786,0.0907396402940217,6.05576406791806,6.40194249805063
"Easy",5,200,6,40,1.2,43,0.0577057705770577,85.8643298572288,0.0143107216428715,6000,1.6200000000099,6.09974906632758,0.0941859653531659,5.94997614808381,6.29762431979179
"Easy",5,200,6,40,1.2,44,0.0529052905290529,115.457402162081,0.0192429003603468,6000,1.63999999999942,5.77424417920566,0.0855037253381313,5.64480924792588,5.97853844519705
"Easy",5,200,6,40,1.2,45,0.0547054705470547,68.8455994198555,0.0114742665699759,6000,1.66999999999825,5.89127362989096,0.0879197470137092,5.73138939309865,6.08479526918381
"Easy",5,200,6,40,1.2,46,0.0545054505450545,80.5912420233787,0.0134318736705631,6000,1.66999999999825,5.8236797396561,0.0795106877700669,5.69961310457438,5.98674790747464
"Easy",5,200,6,40,1.2,47,0.0509050905090509,120.039791330972,0.0200066318884953,6000,1.55000000000291,6.03179357618794,0.0916155123517709,5.84201527200639,6.20078890305012
"Easy",5,200,6,40,1.2,48,0.0557055705570557,110.775104601431,0.0184625174335718,6000,1.66999999999825,5.97330358423164,0.0912600133599708,5.75350277405232,6.13172764796764
"Easy",5,200,6,40,1.2,49,0.0621062106210621,198.154174074517,0.0330256956790862,6000,1.63000000000466,6.00079973842845,0.0846424263969149,5.84389996901155,6.14990202828776
"Easy",5,200,6,40,1.2,50,0.0565056505650565,144.369170533094,0.0240615284221824,6000,1.61000000000058,6.12405671663421,0.0937776146061397,5.97992312535644,6.33181060571223
"Easy",5,200,6,40,1.2,51,0.0566056605660566,129.446296169411,0.0215743826949018,6000,1.74000000000524,6.02361630618623,0.0859425925755709,5.88790394552052,6.21669131051749
"Easy",5,200,6,40,1.2,52,0.0582058205820582,152.279108180656,0.0253798513634426,6000,1.6200000000099,6.00514251508659,0.0924700246628974,5.80944093782455,6.18240474909544
"Easy",5,200,6,40,1.2,53,0.0557055705570557,145.434429991467,0.0242390716652446,6000,1.63999999999942,6.11424391389335,0.0864217503297093,5.89918752387166,6.23815145902336
"Easy",5,200,6,40,1.2,54,0.0551055105510551,185.428976327426,0.0309048293879044,6000,1.74000000000524,5.9750334424115,0.0833488397639889,5.82556881662458,6.17771792132407
"Easy",5,200,6,40,1.2,55,0.0614061406140614,115.491131317103,0.0192485218861838,6000,1.61999999999534,5.98454774804573,0.0878283683534599,5.83849490899593,6.17810880579054
"Easy",5,200,6,40,1.2,56,0.0556055605560556,127.336817937692,0.0212228029896153,6000,1.61999999999534,5.99832732476813,0.092934673233214,5.83235671890434,6.20319288037717
"Easy",5,200,6,40,1.2,57,0.0548054805480548,104.558961405256,0.0174264935675426,6000,1.55999999999767,5.81992063781574,0.0870840065350711,5.69222878385335,6.02293184399605
"Easy",5,200,6,40,1.2,58,0.0608060806080608,144.506454115241,0.0240844090192069,6000,1.58000000000175,5.90545215183838,0.0833806584202395,5.72386414371431,6.05619555432349
"Easy",5,200,6,40,1.2,59,0.0609060906090609,136.032443766426,0.0226720739610711,6000,1.58999999999651,5.99477646133869,0.0906605309961264,5.80854761693627,6.14800261333585
"Easy",5,200,6,40,1.2,60,0.0569056905690569,160.504749319727,0.0267507915532878,6000,1.63999999999942,6.06232840246061,0.0923073348050122,5.86526040174067,6.21637518238276
"Easy",5,200,6,40,1.2,61,0.0594059405940594,119.542752228397,0.0199237920380662,6000,1.64999999999418,6.10555982528796,0.095733269545148,5.95792318508029,6.32978021260351
"Easy",5,200,6,40,1.2,62,0.0542054205420542,128.550894241822,0.0214251490403036,6000,1.66000000000349,6.01406566006458,0.0973279338329523,5.85808076988906,6.23680428694934
"Easy",5,200,6,40,1.2,63,0.0611061106110611,115.432317552668,0.0192387195921113,6000,1.66999999999825,6.08073694070264,0.0904855084189682,5.90641670301557,6.26663162745535
"Easy",5,200,6,40,1.2,64,0.0574057405740574,148.355597195696,0.0247259328659494,6000,1.63999999999942,6.00930433631641,0.0938357541508686,5.74707084614784,6.10470930207521
"Easy",5,200,6,40,1.2,65,0.0626062606260626,162.399138698602,0.0270665231164337,6000,1.63999999999942,6.0684488920331,0.088528407588884,5.86973191332072,6.23156177438796
"Easy",5,200,6,40,1.2,66,0.0575057505750575,134.814872932269,0.0224691454887115,6000,1.6299999999901,5.90568862626392,0.0900257355313716,5.72637666761875,6.08620190713555
"Easy",5,200,6,40,1.2,67,0.0565056505650565,82.8510866560154,0.0138085144426692,6000,1.69000000000233,5.88898739904697,0.0920267229937327,5.75861833803356,6.10999375488609
"Easy",5,200,6,40,1.2,68,0.0524052405240524,164.138830828035,0.0273564718046725,6000,1.58999999999651,5.94169664247944,0.0878962024353661,5.76368839945644,6.11051973514259
"Easy",5,200,6,40,1.2,69,0.0564056405640564,144.645151431188,0.0241075252385314,6000,1.86000000000058,6.05690829074236,0.0875057282143464,5.87887776363641,6.20893519744277
"Easy",5,200,6,40,1.2,70,0.0539053905390539,98.9480131459801,0.01649133552433,6000,1.65000000000873,5.90042933141545,0.0942657953131852,5.71151229925454,6.07488874625415
"Easy",5,200,6,40,1.2,71,0.056005600560056,113.467810736522,0.0189113017894203,6000,1.67000000001281,6.04472381218037,0.0897996388414972,5.84542396105826,6.21567818522453
"Easy",5,200,6,40,1.2,72,0.0577057705770577,115.229832381647,0.0192049720636079,6000,2.47000000000116,6.06655675734171,0.0893606327866067,5.87337125837803,6.23829665593803
"Easy",5,200,6,40,1.2,73,0.0552055205520552,164.479918578349,0.0274133197630582,6000,1.66000000000349,5.93050549837014,0.0908229966332565,5.79319875221699,6.1414280179888
"Easy",5,200,6,40,1.2,74,0.0562056205620562,126.352722804384,0.021058787134064,6000,1.61999999999534,6.05172223298802,0.092832693743239,5.84707809984684,6.20037181396037
"Easy",5,200,6,40,1.2,75,0.0584058405840584,133.29709167425,0.0222161819457084,6000,1.61000000000058,6.0244983537514,0.0977439777071335,5.80415695998818,6.16138987895101
"Easy",5,200,6,40,1.2,76,0.0594059405940594,122.805505618563,0.0204675842697606,6000,1.61000000000058,6.06994141183126,0.0888597590242239,5.87051942385733,6.22363730892539
"Easy",5,200,6,40,1.2,77,0.0576057605760576,106.644463350693,0.0177740772251156,6000,1.59000000001106,6.04119122459131,0.0958182665419727,5.88253768440336,6.23587705940008
"Easy",5,200,6,40,1.2,78,0.0533053305330533,125.963117892841,0.0209938529821401,6000,1.57000000000698,5.87061133403954,0.0927003096019935,5.70637304894626,6.07910094875842
"Easy",5,200,6,40,1.2,79,0.0569056905690569,128.563793384961,0.0214272988974935,6000,1.63000000000466,5.97966316796286,0.0956227048696042,5.79268333688378,6.17162991501391
"Easy",5,200,6,40,1.2,80,0.0538053805380538,133.03974741902,0.0221732912365033,6000,1.75999999999476,6.03594752314967,0.0942938742876272,5.81629976816475,6.21624835021794
"Easy",5,200,6,40,1.2,81,0.0577057705770577,141.793828735951,0.0236323047893251,6000,1.66999999999825,6.06565142776155,0.0917857818778427,5.90281014237553,6.27521694917232
"Easy",5,200,6,40,1.2,82,0.0543054305430543,72.9125297891566,0.0121520882981928,6000,1.6200000000099,5.91477869757853,0.0872137738481322,5.73786620423198,6.09531925898045
"Easy",5,200,6,40,1.2,83,0.0581058105810581,100.025274633318,0.0166708791055531,6000,1.66000000000349,6.24523298804565,0.0903577275175226,6.07698310911655,6.42366997897625
"Easy",5,200,6,40,1.2,84,0.061006100610061,139.372592634393,0.0232287654390655,6000,1.66999999999825,6.20518878546489,0.101874445920672,5.94580798968673,6.37530984356999
"Easy",5,200,6,40,1.2,85,0.0543054305430543,153.365885725479,0.0255609809542464,6000,1.69999999999709,5.83349534350506,0.0885535381866721,5.69297109916806,6.04486671369523
"Easy",5,200,6,40,1.2,86,0.0585058505850585,131.861502150871,0.0219769170251452,6000,1.72000000000116,6.04206726955905,0.0915909368751193,5.87005207780749,6.24332191236317
"Easy",5,200,6,40,1.2,87,0.0549054905490549,155.786594098848,0.0259644323498081,6000,1.68000000000757,6.01203049466532,0.090122563170316,5.84603209421039,6.20884958375245
"Easy",5,200,6,40,1.2,88,0.0589058905890589,86.532317357286,0.014422052892881,6000,1.61000000000058,5.96716791353504,0.0936475408404896,5.78816849396098,6.15336714168079
"Easy",5,200,6,40,1.2,89,0.0598059805980598,172.395573191999,0.0287325955319998,6000,1.59000000001106,6.0271231184708,0.0887234863969234,5.86821678094566,6.20503580570221
"Easy",5,200,6,40,1.2,90,0.0574057405740574,85.3182455209889,0.0142197075868315,6000,1.7100000000064,6.07899578997907,0.0987205137861132,5.85950724408031,6.23194524925202
"Easy",5,200,6,40,1.2,91,0.0576057605760576,146.592024388665,0.0244320040647775,6000,1.59999999999127,6.02549401858193,0.0839410809202725,5.86664660647511,6.195203140378
"Easy",5,200,6,40,1.2,92,0.0503050305030503,158.978148693235,0.0264963581155392,6000,1.63999999999942,5.92559456498608,0.0778082936725841,5.70909674745053,6.02987945452332
"Easy",5,200,6,40,1.2,93,0.0543054305430543,118.258990370502,0.0197098317284171,6000,1.59999999999127,5.92992025885485,0.0896328477987501,5.73440351057798,6.08307828102261
"Easy",5,200,6,40,1.2,94,0.0529052905290529,102.985849353181,0.0171643082255302,6000,1.55999999999767,6.09957517187425,0.0846447347226515,5.92314948793501,6.25838357023895
"Easy",5,200,6,40,1.2,95,0.0527052705270527,147.368334593319,0.0245613890988865,6000,1.54000000000815,5.85304669479065,0.0769322494779258,5.69204065669328,6.00558563633822
"Easy",5,200,6,40,1.2,96,0.0564056405640564,192.23174345894,0.0320386239098234,6000,1.75999999999476,6.18446331374979,0.0972072581826433,5.9611773788929,6.36866204254329
"Easy",5,200,6,40,1.2,97,0.0544054405440544,69.7678420597894,0.0116279736766316,6000,1.73000000001048,5.95924549676637,0.0936272544298666,5.75998775660992,6.13730783294886
"Easy",5,200,6,40,1.2,98,0.0573057305730573,201.142190758853,0.0335236984598089,6000,1.83000000000175,6.12337735828265,0.0901715507050749,5.91760465875268,6.27436835877597
"Easy",5,200,6,40,1.2,99,0.0552055205520552,61.9396099151428,0.0103232683191905,6000,1.70999999999185,5.92159993941545,0.0837103515680916,5.78880599699914,6.11558603495359
"Easy",5,200,6,40,1.2,100,0.0563056305630563,151.279656536512,0.0252132760894187,6000,1.67999999999302,6.09417972950946,0.0941110816989899,5.88785136956722,6.27359216101468
"Moderate",10,50,40,5,4,1,0.3003300330033,153.246471339187,0.0255410785565311,6000,1.94999999999709,40.7324263521711,1.00789537380524,39.431976469676,43.3085777145112
"Moderate",10,50,40,5,4,2,0.291229122912291,121.448022196537,0.0202413370327562,6000,1.77999999999884,40.1772459808662,0.988140415882186,38.1199531343766,41.9088661475107
"Moderate",10,50,40,5,4,3,0.291229122912291,158.178730355397,0.0263631217258994,6000,1.69000000000233,40.1698541524116,0.965569561456766,38.6102204127237,42.3634548177943
"Moderate",10,50,40,5,4,4,0.297729772977298,173.28332154584,0.0288805535909734,6000,1.75999999999476,40.7620170990829,1.0042142371781,38.6631267528282,42.7040228974074
"Moderate",10,50,40,5,4,5,0.2999299929993,208.344470892854,0.0347240784821424,6000,1.88000000000466,40.5461438933127,0.987274230713139,38.7475530222291,42.6521277474239
"Moderate",10,50,40,5,4,6,0.301630163016302,167.880327827045,0.0279800546378408,6000,1.76000000000931,41.6052755376712,0.963390631047061,39.843548733741,43.5299939308316
"Moderate",10,50,40,5,4,7,0.292629262926293,176.033947209432,0.029338991201572,6000,1.78000000001339,39.5057777508656,0.991500925693811,37.8847749661654,41.7646422544494
"Moderate",10,50,40,5,4,8,0.304030403040304,153.011896027689,0.0255019826712815,6000,1.83000000000175,42.2199167855624,1.05834052198476,40.3849820038304,44.3876354052918
"Moderate",10,50,40,5,4,9,0.299229922992299,134.868647049546,0.022478107841591,6000,2.01999999998952,41.8642593282353,1.03379238239565,39.8532019929262,43.8874574117362
"Moderate",10,50,40,5,4,10,0.295929592959296,217.691347006068,0.0362818911676781,6000,1.73000000001048,40.2010822196157,0.944619667690639,38.4274510862306,42.0852799415588
"Moderate",10,50,40,5,4,11,0.294129412941294,160.707650267865,0.0267846083779776,6000,1.89999999999418,41.927781841477,1.09536121866813,39.8616443807259,44.3270051792962
"Moderate",10,50,40,5,4,12,0.301630163016302,146.936624818821,0.0244894374698035,6000,1.75999999999476,41.8171728420959,1.01017416678075,39.7816155236214,43.6323368166573
"Moderate",10,50,40,5,4,13,0.294429442944294,173.200242956608,0.0288667071594346,6000,1.7899999999936,41.1926780099999,1.02827036375019,39.3296909853816,43.4351455830038
"Moderate",10,50,40,5,4,14,0.295529552955296,184.107424457258,0.0306845707428763,6000,1.80000000000291,39.6925049587672,0.979753495453338,37.6108090393245,41.456906715408
"Moderate",10,50,40,5,4,15,0.306030603060306,189.691387402783,0.0316152312337972,6000,1.72000000000116,41.9032308727581,1.02565647826847,39.9581004055217,44.0177595997229
"Moderate",10,50,40,5,4,16,0.295729572957296,120.829669624977,0.0201382782708295,6000,1.73999999999069,41.1580761744996,1.0064886432392,39.2557324393652,43.368601866276
"Moderate",10,50,40,5,4,17,0.299229922992299,198.057176585062,0.0330095294308437,6000,1.7899999999936,41.3523125077286,0.965149383660636,39.341175022535,43.0556157510728
"Moderate",10,50,40,5,4,18,0.3000300030003,110.711767063614,0.018451961177269,6000,1.77000000000407,41.0479362165052,1.0711415772386,38.9946243781596,43.1660095376894
"Moderate",10,50,40,5,4,19,0.293929392939294,139.008178690813,0.0231680297818022,6000,1.80000000000291,39.8195327758299,0.939444105139471,38.0012778751552,41.6471668239683
"Moderate",10,50,40,5,4,20,0.297929792979298,138.765306654049,0.0231275511090081,6000,1.77000000000407,40.4120949672598,0.981541138087829,38.5041572661838,42.2887007677928
"Moderate",10,50,40,5,4,21,0.294729472947295,199.350272874039,0.0332250454790065,6000,4.91999999999825,40.37915971363,0.954133089324107,38.3355743838474,42.0196500453632
"Moderate",10,50,40,5,4,22,0.298529852985299,149.885441940823,0.0249809069901372,6000,1.72999999999593,40.8257741221582,1.02177686243983,38.8565402217209,42.8053171383217
"Moderate",10,50,40,5,4,23,0.301630163016302,152.691941297881,0.0254486568829801,6000,1.79000000000815,42.2848863505423,1.1164260463588,40.5101344948635,44.8908748674206
"Moderate",10,50,40,5,4,24,0.309430943094309,87.7177391075225,0.0146196231845871,6000,1.80000000000291,41.9747156851967,1.0515298991407,40.1619645953178,44.2698300685734
"Moderate",10,50,40,5,4,25,0.297029702970297,155.157689746745,0.0258596149577908,6000,2.00999999999476,40.5814026844374,0.965009074659413,39.0323971248465,42.8832950526848
"Moderate",10,50,40,5,4,26,0.302730273027303,201.515622840325,0.0335859371400541,6000,2.24000000000524,40.6592078424055,1.01833663124387,38.5632817130536,42.6492948661325
"Moderate",10,50,40,5,4,27,0.306430643064306,174.174123958876,0.0290290206598126,6000,1.84999999999127,41.265258163339,0.926672325236338,39.3440400762483,43.0316375577822
"Moderate",10,50,40,5,4,28,0.295529552955296,205.014852419698,0.0341691420699497,6000,1.77999999999884,41.907932879019,0.977307441693619,39.7899449688382,43.6736487140879
"Moderate",10,50,40,5,4,29,0.306430643064306,212.329099216459,0.0353881832027432,6000,1.86999999999534,43.6175711179156,0.980977386923113,41.7057569492841,45.5228177458513
"Moderate",10,50,40,5,4,30,0.295129512951295,103.53404642172,0.0172556744036201,6000,1.83000000000175,40.1867456508917,1.00696685819326,38.2815570682287,42.262332201004
"Moderate",10,50,40,5,4,31,0.3001300130013,182.473635152405,0.0304122725254008,6000,1.79999999998836,42.1349277818991,0.960428107117507,39.7728506429121,43.5607387730852
"Moderate",10,50,40,5,4,32,0.296929692969297,133.302881623749,0.0222171469372915,6000,2.04999999998836,39.4781455122394,0.981560844699185,37.8606694039889,41.7597303486895
"Moderate",10,50,40,5,4,33,0.302130213021302,225.489253459364,0.0375815422432273,6000,1.72999999999593,41.6069380415327,0.972132023675522,39.7037492059171,43.4512859238312
"Moderate",10,50,40,5,4,34,0.291529152915292,214.382014304238,0.0357303357173729,6000,2.38999999999942,41.46085875093,0.942025089560628,39.6484258770943,43.3804904194549
"Moderate",10,50,40,5,4,35,0.301830183018302,140.817613796871,0.0234696022994785,6000,2.38000000000466,41.6944352562448,1.10653646882113,39.5264264885336,43.8730660741217
"Moderate",10,50,40,5,4,36,0.300930093009301,194.482193897549,0.0324136989829248,6000,2.33000000000175,41.3267379321155,0.989022332524328,39.2142565511167,43.0963762002066
"Moderate",10,50,40,5,4,37,0.293029302930293,157.20198599407,0.0262003309990117,6000,2.06000000001222,40.6749338192485,0.993226616473519,38.3616155674681,42.2736344937002
"Moderate",10,50,40,5,4,38,0.294829482948295,150.006368330342,0.0250010613883904,6000,2.16000000000349,41.2895028036518,0.955269130230055,39.3750408291817,43.1815263744909
"Moderate",10,50,40,5,4,39,0.294129412941294,169.028997508739,0.0281714995847899,6000,2.03000000001339,40.2470000489811,1.04270348636085,38.4138472378254,42.4267194140702
"Moderate",10,50,40,5,4,40,0.305330533053305,200.792495978816,0.0334654159964693,6000,1.97999999999593,41.9242033828091,1.00492735804632,40.0546376788989,43.9328983448446
"Moderate",10,50,40,5,4,41,0.291829182918292,201.205685062232,0.0335342808437053,6000,2.33000000000175,40.3405210693088,1.01215875309805,38.9020525207743,42.8502245675772
"Moderate",10,50,40,5,4,42,0.302030203020302,156.464730717753,0.0260774551196255,6000,2.19000000000233,42.8390190197027,0.991054225406886,40.7110451543704,44.5663420073688
"Moderate",10,50,40,5,4,43,0.298429842984298,103.980628331125,0.0173301047218542,6000,2.13000000000466,42.7422711113477,1.07644035670802,40.00168477837,44.2282148028025
"Moderate",10,50,40,5,4,44,0.312131213121312,242.232680259174,0.040372113376529,6000,2.11000000000058,40.7606086394582,1.02031522286679,38.8707379698753,43.0323574317386
"Moderate",10,50,40,5,4,45,0.302230223022302,188.495034703516,0.0314158391172526,6000,2.0399999999936,42.8975596400141,1.00589470664827,40.7274507172406,44.6508392924443
"Moderate",10,50,40,5,4,46,0.292829282928293,183.908098233584,0.0306513497055973,6000,2.22999999999593,41.1782687245931,1.03755973258987,39.7517284220085,43.8089173706248
"Moderate",10,50,40,5,4,47,0.290729072907291,145.814753486394,0.024302458914399,6000,2.25,39.4696636949646,1.03762731256461,37.7584617016837,41.8637186818058
"Moderate",10,50,40,5,4,48,0.294529452945295,136.853306769508,0.0228088844615847,6000,2.19000000000233,40.6562621217572,1.0086552229585,38.5743415178731,42.483131615445
"Moderate",10,50,40,5,4,49,0.305330533053305,165.622929409336,0.0276038215682227,6000,2.22000000000116,41.5419107175864,1.00434856009193,39.6048906725133,43.5221730699297
"Moderate",10,50,40,5,4,50,0.31033103310331,178.70646289595,0.0297844104826584,6000,2.11000000000058,41.644837190333,0.934028256355741,39.8079270645976,43.5235155122355
"Moderate",10,50,40,5,4,51,0.303030303030303,184.746866950387,0.0307911444917312,6000,2.16999999999825,41.2461995574069,1.0017041915786,39.4267848860472,43.4297369401902
"Moderate",10,50,40,5,4,52,0.296229622962296,151.243636614778,0.0252072727691297,6000,2.17999999999302,41.2993814651588,0.9944561894632,39.8136550063966,43.7042131880298
"Moderate",10,50,40,5,4,53,0.292129212921292,160.522658883756,0.026753776480626,6000,2.27999999999884,40.8090757297927,1.04526262786612,38.4670286415843,42.4657778935507
"Moderate",10,50,40,5,4,54,0.293529352935294,111.796315037868,0.0186327191729779,6000,2.25,40.451079616353,0.930745531840725,38.5311111146817,42.0655043255538
"Moderate",10,50,40,5,4,55,0.290629062906291,186.454204725839,0.0310757007876398,6000,2.11999999999534,40.5936828214001,0.970631145201356,38.8054308565333,42.5263816800667
"Moderate",10,50,40,5,4,56,0.292729272927293,174.74171639838,0.02912361939973,6000,2.18999999998778,40.7049948625422,1.02184005623785,39.1862754982896,43.0724064037204
"Moderate",10,50,40,5,4,57,0.283628362836284,198.562607121775,0.0330937678536292,6000,2.11000000000058,39.0070658825322,0.881693651930371,37.2746817935258,40.7052902812138
"Moderate",10,50,40,5,4,58,0.297929792979298,178.859017083436,0.0298098361805728,6000,2.19000000000233,41.0653186900638,1.0857346820913,39.1835797112435,43.4050428378396
"Moderate",10,50,40,5,4,59,0.30973097309731,172.220547624714,0.028703424604119,6000,2.00999999999476,43.0030446732015,1.00803274726028,41.3480037456844,45.2772413837956
"Moderate",10,50,40,5,4,60,0.291929192919292,216.769069381399,0.0361281782302332,6000,2.14999999999418,38.9813129563573,0.908067505000022,37.2877717856318,40.8048406690359
"Moderate",10,50,40,5,4,61,0.289028902890289,217.695837849482,0.0362826396415803,6000,2.33999999999651,39.5641219015239,0.911260431364232,37.8889380227774,41.5042743720114
"Moderate",10,50,40,5,4,62,0.297729772977298,153.290166215991,0.0255483610359984,6000,2.17000000001281,41.657905898745,1.0680421516628,39.3933650935069,43.8073565224186
"Moderate",10,50,40,5,4,63,0.301030103010301,170.154615241759,0.0283591025402932,6000,2.11999999999534,41.3308129053407,0.961529000583519,39.5694595603272,43.4136262521846
"Moderate",10,50,40,5,4,64,0.298329832983298,198.156022438491,0.0330260037397485,6000,2.16999999999825,41.1549309888239,1.00005215641257,39.0027208808344,42.860951709561
"Moderate",10,50,40,5,4,65,0.296629662966297,201.014506233445,0.0335024177055741,6000,2.19000000000233,41.6822805008834,1.01023000230803,39.8021509489045,43.6824051216245
"Moderate",10,50,40,5,4,66,0.29002900290029,170.522926494262,0.0284204877490436,6000,2.18999999998778,39.3333315575418,0.982268272373398,37.5739884320647,41.4498573979363
"Moderate",10,50,40,5,4,67,0.298729872987299,193.672142529253,0.0322786904215421,6000,2.13999999999942,40.3405620054826,1.01696551966968,38.1301876604557,42.1252568680793
"Moderate",10,50,40,5,4,68,0.298529852985299,143.264864655767,0.0238774774426279,6000,2.1200000000099,42.8946240288534,1.05522668732103,40.619282620959,44.7881127521396
"Moderate",10,50,40,5,4,69,0.306530653065307,183.061364392246,0.0305102273987077,6000,2.10999999998603,41.5226290009816,1.01587868178593,39.6884170355275,43.6968402453931
"Moderate",10,50,40,5,4,70,0.303630363036304,221.062016549665,0.0368436694249442,6000,2.00999999999476,40.5120080472198,0.941486686175634,38.5888898493722,42.2152420477942
"Moderate",10,50,40,5,4,71,0.312931293129313,213.964530475497,0.0356607550792495,6000,2.13999999999942,42.8183248590076,1.05841993223404,40.7113180453423,44.8895690855337
"Moderate",10,50,40,5,4,72,0.292429242924292,189.79996669696,0.0316333277828267,6000,2.08000000000175,41.0096305952424,0.963260473405089,38.9187512937933,42.5426571732387
"Moderate",10,50,40,5,4,73,0.3002300230023,157.831942772456,0.0263053237954093,6000,2.10999999998603,40.3103045282995,1.00101421396794,38.6736963381991,42.5214460864663
"Moderate",10,50,40,5,4,74,0.293929392939294,161.552859017389,0.0269254765028982,6000,2.5,40.2494669640979,0.985366860523864,38.222819476272,42.0661809916142
"Moderate",10,50,40,5,4,75,0.294229422942294,202.117297473351,0.0336862162455584,6000,2.25,39.9458424318349,0.927014273533842,38.1917396215722,41.9071328695863
"Moderate",10,50,40,5,4,76,0.301830183018302,152.218873241383,0.0253698122068972,6000,2.94999999999709,40.9060947413729,1.01341460435537,38.8083402495831,42.6177116604522
"Moderate",10,50,40,5,4,77,0.297429742974297,182.169593450479,0.0303615989084132,6000,1.97000000000116,40.7718431528777,0.971059817334863,38.9707301674411,42.674887600285
"Moderate",10,50,40,5,4,78,0.3001300130013,192.162829756982,0.0320271382928304,6000,2.32999999998719,40.0231495578148,1.04880508413329,38.2782935705036,42.217140121269
"Moderate",10,50,40,5,4,79,0.289328932893289,131.27387853301,0.0218789797555017,6000,2.13999999999942,40.2515419710802,1.01744714273013,38.0584877617657,41.9839063417166
"Moderate",10,50,40,5,4,80,0.298729872987299,156.500290579911,0.0260833817633185,6000,2.30000000000291,40.5607398308706,0.991304554944722,38.6082582082599,42.5546948586125
"Moderate",10,50,40,5,4,81,0.297629762976298,176.293071962836,0.0293821786604727,6000,2.16000000000349,41.35660084707,1.00801403775471,39.3803302068263,43.1624457770959
"Moderate",10,50,40,5,4,82,0.301630163016302,167.593295703665,0.0279322159506108,6000,2.14999999999418,40.6414138564792,0.945029850660572,38.8112887451425,42.5709670875221
"Moderate",10,50,40,5,4,83,0.305130513051305,180.334130482877,0.0300556884138129,6000,2.2100000000064,41.3523810639993,0.990434238276522,39.2422728371341,43.0700124790892
"Moderate",10,50,40,5,4,84,0.305530553055306,151.239827528202,0.025206637921367,6000,2.11000000000058,41.5797590376794,1.0060747845282,39.3986804055516,43.4339735967806
"Moderate",10,50,40,5,4,85,0.2995299529953,188.614381107014,0.0314357301845024,6000,2.19000000000233,41.0346378692897,0.985568399689981,39.1685514198616,42.9757630442036
"Moderate",10,50,40,5,4,86,0.292429242924292,140.530918656656,0.0234218197761093,6000,2.13999999999942,39.8807786746816,0.976727890726309,38.0626475056633,41.9220237284899
"Moderate",10,50,40,5,4,87,0.296329632963296,172.47907422185,0.0287465123703084,6000,1.97999999999593,41.2594687376064,1.03011460678272,38.7008507656166,42.8913232085528
"Moderate",10,50,40,5,4,88,0.296729672967297,89.5943364976074,0.0149323894162679,6000,2.05000000000291,40.859392857998,0.958747273035928,38.8999226688873,42.4924492522841
"Moderate",10,50,40,5,4,89,0.294429442944294,215.943072886092,0.035990512147682,6000,2.44999999999709,41.7290226855204,1.00660377699881,39.4839027766138,43.4132347768173
"Moderate",10,50,40,5,4,90,0.296329632963296,143.829295867978,0.0239715493113297,6000,2.44000000000233,41.4889469187781,0.960705191578031,39.7962934274226,43.5811050031334
"Moderate",10,50,40,5,4,91,0.313131313131313,199.73375681738,0.0332889594695633,6000,2.27000000000407,43.54028502765,1.02567012810462,41.7028469564393,45.6872596638277
"Moderate",10,50,40,5,4,92,0.303330333033303,121.307488575209,0.0202179147625348,6000,2.86000000000058,42.9717055876068,1.04726956078192,40.6570638148114,44.7719647930702
"Moderate",10,50,40,5,4,93,0.298329832983298,234.718339841408,0.0391197233069013,6000,1.88999999999942,40.7209515028506,0.952170883080852,39.3592646893114,42.9247378502041
"Moderate",10,50,40,5,4,94,0.2998299829983,179.384340495106,0.0298973900825177,6000,1.75,42.2918678684068,1.00821327402475,40.6106483340263,44.5279434835538
"Moderate",10,50,40,5,4,95,0.302230223022302,169.522553035536,0.0282537588392561,6000,1.80999999999767,41.6062369895839,1.02622315675827,39.4657945847139,43.6444821041077
"Moderate",10,50,40,5,4,96,0.2997299729973,245.047964730869,0.0408413274551448,6000,1.75999999999476,40.4144091634851,0.897315622520961,38.7168219070882,42.1717632403597
"Moderate",10,50,40,5,4,97,0.294229422942294,136.845138197648,0.0228075230329413,6000,1.75,40.6065691871576,1.02759538898356,38.5574957691133,42.432243947871
"Moderate",10,50,40,5,4,98,0.305530553055306,160.455703923418,0.0267426173205697,6000,1.97000000000116,41.7169828095347,1.08930483903175,39.814174762927,44.1377137582749
"Moderate",10,50,40,5,4,99,0.302230223022302,156.680862025984,0.0261134770043306,6000,1.79999999998836,41.4467400429601,1.02223058259112,39.2682837722823,43.3969577765092
"Moderate",10,50,40,5,4,100,0.306430643064306,190.311160878255,0.0317185268130425,6000,1.79999999998836,40.9534950780229,0.964076691775372,39.4563545128331,43.0968946116278
"Difficult",30,10,240,0.333333333333333,8,1,0.703870387038704,58.3370333741734,0.00972283889569556,6000,3.77999999999884,273.754802593122,4.69978199226219,264.506591047044,282.841435505007
"Difficult",30,10,240,0.333333333333333,8,2,0.725072507250725,58.6417840699942,0.00977363067833236,6000,4.27999999999884,296.788705349339,5.29851600836276,285.599178067758,307.12360695547
"Difficult",30,10,240,0.333333333333333,8,3,0.713271327132713,59.3408747700628,0.00989014579501046,6000,4.98000000001048,290.557159611906,4.96112095845706,282.867632243782,301.561184504163
"Difficult",30,10,240,0.333333333333333,8,4,0.714271427142714,50.5509837582281,0.00842516395970468,6000,4.90000000000873,285.253492751794,5.44684466930602,276.548083364964,298.11973038821
"Difficult",30,10,240,0.333333333333333,8,5,0.708370837083708,24.9849026637707,0.00416415044396178,6000,4.75999999999476,285.478688600962,5.32029664536098,273.515220163064,294.123175233603
"Difficult",30,10,240,0.333333333333333,8,6,0.705670567056706,48.4987654853727,0.00808312758089545,6000,4.58000000000175,285.950279722439,5.10182562482954,278.266755047254,297.715500309924
"Difficult",30,10,240,0.333333333333333,8,7,0.70997099709971,48.9115207472384,0.00815192012453973,6000,5.2899999999936,282.223328964489,5.34171867265342,272.383628326515,292.969857189804
"Difficult",30,10,240,0.333333333333333,8,8,0.718271827182718,39.2105440948023,0.00653509068246705,6000,5.41000000000349,291.743132235117,5.3338677810148,283.458520503459,304.691742282873
"Difficult",30,10,240,0.333333333333333,8,9,0.705570557055706,48.8051702898526,0.00813419504830876,6000,3.85000000000582,279.786049158366,4.92625815125443,268.293938054843,288.440064670192
"Difficult",30,10,240,0.333333333333333,8,10,0.708170817081708,67.0468270591745,0.0111744711765291,6000,4.65000000000873,281.732882702401,4.89671639094181,269.756394934841,288.435409558588
"Difficult",30,10,240,0.333333333333333,8,11,0.717771777177718,17.2703171234428,0.00287838618724047,6000,4.47999999999593,295.516296027608,6.16402505314878,282.859248911729,306.230755491182
"Difficult",30,10,240,0.333333333333333,8,12,0.721772177217722,36.3324043409309,0.00605540072348849,6000,3.69999999999709,294.433572010822,5.67426684033151,283.331581780175,305.10889957482
"Difficult",30,10,240,0.333333333333333,8,13,0.698369836983698,56.5044916979881,0.00941741528299802,6000,4.52000000000407,289.166848829902,5.50479018357519,279.86134366598,300.89755738806
"Difficult",30,10,240,0.333333333333333,8,14,0.712171217121712,24.8329300475509,0.00413882167459181,6000,4.13999999999942,287.127052962802,5.18154292514993,279.870538035687,299.102031232789
"Difficult",30,10,240,0.333333333333333,8,15,0.713671367136714,37.793147134639,0.00629885785577318,6000,4,292.024389553156,6.00245061197025,281.278125951067,305.503074929351
"Difficult",30,10,240,0.333333333333333,8,16,0.708770877087709,45.2503376311066,0.00754172293851776,6000,4.77999999999884,293.848375964203,5.78554576740424,281.230935124704,304.399014004157
"Difficult",30,10,240,0.333333333333333,8,17,0.709270927092709,35.2080000442959,0.00586800000738265,6000,4.08000000000175,289.776375479513,5.55571219508855,278.748314380646,301.043605068093
"Difficult",30,10,240,0.333333333333333,8,18,0.714871487148715,40.5532936921293,0.00675888228202156,6000,4.25,281.398378515559,5.44167045550257,272.536951149232,294.292512297304
"Difficult",30,10,240,0.333333333333333,8,19,0.706870687068707,45.7261925948482,0.00762103209914137,6000,3.83999999999651,287.933728487089,5.50904412001048,274.889957827516,297.471348377876
"Difficult",30,10,240,0.333333333333333,8,20,0.71967196719672,24.8288629597963,0.00413814382663272,6000,3.80000000000291,292.989889065033,6.29763396933515,281.731423773081,305.753884403966
"Difficult",30,10,240,0.333333333333333,8,21,0.711171117111711,33.6497073326839,0.00560828455544731,6000,4.11000000000058,293.347747790934,5.90577286284105,282.904122428643,305.119847064838
"Difficult",30,10,240,0.333333333333333,8,22,0.703870387038704,24.468778271018,0.00407812971183633,6000,4.11000000000058,284.391267282716,5.8731637152452,274.819507489935,299.041435054503
"Difficult",30,10,240,0.333333333333333,8,23,0.699369936993699,35.9707305571482,0.0059951217595247,6000,4.25,276.429181714837,5.39783510291957,265.720435979427,287.110491570714
"Difficult",30,10,240,0.333333333333333,8,24,0.705470547054705,55.9487398241825,0.00932478997069708,6000,4.63999999999942,280.371506254536,5.73020845211882,268.738501566648,291.376504307613
"Difficult",30,10,240,0.333333333333333,8,25,0.706370637063706,41.6425716519107,0.00694042860865179,6000,5.13000000000466,291.499737629952,5.08997651198484,281.739983480028,301.99238213338
"Difficult",30,10,240,0.333333333333333,8,26,0.707670767076708,29.9448961675364,0.00499081602792273,6000,3.88000000000466,284.798086370192,5.03113545875234,274.499713342637,294.575903544296
"Difficult",30,10,240,0.333333333333333,8,27,0.708170817081708,68.6663253900814,0.0114443875650136,6000,3.72999999999593,282.864787212879,4.62504717777513,274.976544504939,293.502689224156
"Difficult",30,10,240,0.333333333333333,8,28,0.71957195719572,16.399482971196,0.002733247161866,6000,4.20999999999185,293.904885682377,5.3229977140113,285.056543925148,306.51375400892
"Difficult",30,10,240,0.333333333333333,8,29,0.712071207120712,41.3953486670929,0.00689922477784881,6000,5,286.31493195769,5.3666127299817,276.044855606742,296.709479261492
"Difficult",30,10,240,0.333333333333333,8,30,0.71997199719972,51.510066411127,0.00858501106852116,6000,4.05000000000291,297.662597502732,5.2221060176501,288.337201354629,308.417621577508
"Difficult",30,10,240,0.333333333333333,8,31,0.706070607060706,34.0053587364745,0.00566755978941242,6000,4.64999999999418,279.533179978102,5.86393055183136,268.127165730111,291.809983689315
"Difficult",30,10,240,0.333333333333333,8,32,0.718771877187719,22.9750439907502,0.00382917399845836,6000,4.82000000000698,286.238463862153,5.29374980194095,276.783561036922,296.70522627586
"Difficult",30,10,240,0.333333333333333,8,33,0.717771777177718,46.6889777611909,0.00778149629353181,6000,5.2100000000064,274.870531299301,5.26761711457208,264.545204415917,286.32366427572
"Difficult",30,10,240,0.333333333333333,8,34,0.707170717071707,57.9565455334714,0.00965942425557857,6000,5.36000000000058,277.856495999015,5.50919568791722,266.141825440573,287.215455285693
"Difficult",30,10,240,0.333333333333333,8,35,0.711571157115712,59.7481260725568,0.00995802101209279,6000,5.22000000000116,285.181599576041,5.00735975744407,276.395994278719,295.752316286718
"Difficult",30,10,240,0.333333333333333,8,36,0.721372137213721,41.7738143942699,0.00696230239904498,6000,5.09999999999127,291.54657371451,5.35499193405105,282.521001759381,303.81105745798
"Difficult",30,10,240,0.333333333333333,8,37,0.716971697169717,55.7557529657416,0.00929262549429027,6000,5,285.361670852798,5.14231037903456,277.984218947217,298.175174182281
"Difficult",30,10,240,0.333333333333333,8,38,0.71047104710471,48.9841174641795,0.00816401957736325,6000,4.67000000001281,290.47339935651,5.33376850705708,280.199792935723,300.852461386565
"Difficult",30,10,240,0.333333333333333,8,39,0.716971697169717,33.2093373032808,0.0055348895505468,6000,4.75,292.929542927476,5.11028004515595,282.082144932286,301.554181741551
"Difficult",30,10,240,0.333333333333333,8,40,0.716971697169717,30.3397198511247,0.00505661997518745,6000,4.6299999999901,283.749874337325,5.92146244034822,273.348991941661,296.64653854866
"Difficult",30,10,240,0.333333333333333,8,41,0.704570457045705,65.2698927409151,0.0108783154568192,6000,4.80999999999767,279.373919398287,5.32321318464913,269.967347967275,290.480820940691
"Difficult",30,10,240,0.333333333333333,8,42,0.715071507150715,53.6962196572699,0.00894936994287832,6000,4.25,285.707868541232,5.25786963465831,275.718636232428,297.275239240378
"Difficult",30,10,240,0.333333333333333,8,43,0.708670867086709,56.0902993025624,0.00934838321709373,6000,4.11999999999534,280.139468078568,4.76208845536783,271.837276969105,290.028185433452
"Difficult",30,10,240,0.333333333333333,8,44,0.713371337133713,37.2191963295652,0.00620319938826087,6000,3.7100000000064,289.093907404887,5.19880996383406,279.979770609131,300.341694583581
"Difficult",30,10,240,0.333333333333333,8,45,0.707870787078708,23.673475829472,0.003945579304912,6000,4.0399999999936,278.794249522336,5.35835053062904,272.339722307725,292.738622084912
"Difficult",30,10,240,0.333333333333333,8,46,0.716171617161716,51.2854104444684,0.0085475684074114,6000,3.64999999999418,291.487048543063,5.03995669890112,281.818560418789,301.5107357651
"Difficult",30,10,240,0.333333333333333,8,47,0.717171717171717,54.074708706504,0.00901245145108401,6000,4.2100000000064,293.032037298838,5.10852777839195,283.78231577666,303.931705484819
"Difficult",30,10,240,0.333333333333333,8,48,0.712071207120712,39.7123777050021,0.00661872961750036,6000,4.57000000000698,290.876604603553,5.18256856461315,285.479185046698,304.36414222077
"Difficult",30,10,240,0.333333333333333,8,49,0.716671667166717,49.8375419087702,0.00830625698479503,6000,4.80999999999767,295.131059230079,5.79797682170984,284.780566888861,306.90863828361
"Difficult",30,10,240,0.333333333333333,8,50,0.711971197119712,47.7831623990467,0.00796386039984112,6000,4.86999999999534,284.270144908993,5.68604538099567,275.642312894342,297.287094389205
"Difficult",30,10,240,0.333333333333333,8,51,0.719271927192719,28.7011511301283,0.00478352518835472,6000,4.97000000000116,295.132627267769,5.23275492362158,285.527474992932,306.267470542388
"Difficult",30,10,240,0.333333333333333,8,52,0.700470047004701,42.8477138020692,0.00714128563367821,6000,4.00999999999476,284.742408124694,4.93067242938941,276.915098041482,296.178635532036
"Difficult",30,10,240,0.333333333333333,8,53,0.7002700270027,45.7001394038007,0.00761668990063346,6000,3.80000000000291,276.424701207445,4.99391576141781,267.324141898472,287.130184237193
"Difficult",30,10,240,0.333333333333333,8,54,0.711771177117712,64.4829618948252,0.0107471603158042,6000,3.77999999999884,290.010807820415,4.97522063331179,279.609540691879,298.766963236337
"Difficult",30,10,240,0.333333333333333,8,55,0.700770077007701,43.6461839989788,0.0072743639998298,6000,4.07000000000698,280.933657477432,5.18817663826373,267.996219851752,286.555129829468
"Difficult",30,10,240,0.333333333333333,8,56,0.715571557155716,63.1947844312994,0.0105324640718832,6000,4.5399999999936,288.893238423569,5.00295834507188,277.406431261916,297.805151460692
"Difficult",30,10,240,0.333333333333333,8,57,0.721672167216722,51.845564110467,0.00864092735174451,6000,4.13999999999942,292.786075296119,5.90500879059501,283.220243360545,306.368409934454
"Difficult",30,10,240,0.333333333333333,8,58,0.717071707170717,70.9327250841787,0.0118221208473631,6000,4.50999999999476,289.413745916882,4.70925309275617,280.66981191996,298.989998903126
"Difficult",30,10,240,0.333333333333333,8,59,0.718171817181718,35.940989798319,0.00599016496638649,6000,4.94999999999709,283.919021070169,5.84593753467556,273.125067634461,296.769964920287
"Difficult",30,10,240,0.333333333333333,8,60,0.713871387138714,48.7088971894191,0.00811814953156986,6000,4.86999999999534,299.607759005607,5.7129865393391,288.460092545673,310.632809035154
"Difficult",30,10,240,0.333333333333333,8,61,0.720772077207721,40.3084559582284,0.00671807599303807,6000,4.83000000000175,287.356271725278,4.66701409448583,277.610018613003,295.972506612772
"Difficult",30,10,240,0.333333333333333,8,62,0.714571457145715,72.6453644204337,0.0121075607367389,6000,4.77999999999884,287.819295272035,5.25263146681365,277.438825828023,297.725419279444
"Difficult",30,10,240,0.333333333333333,8,63,0.711671167116712,39.0590125862722,0.00650983543104536,6000,4.74000000000524,279.759148944312,5.10369680567117,271.116485007107,291.072057177615
"Difficult",30,10,240,0.333333333333333,8,64,0.711771177117712,24.6505708547928,0.0041084284757988,6000,4.91000000000349,288.189836888202,6.11601902064113,278.508905313304,301.654713395052
"Difficult",30,10,240,0.333333333333333,8,65,0.711071107110711,49.3229575116809,0.00822049291861349,6000,4.65000000000873,284.522913977057,5.55963218669453,272.304822680447,293.443419678137
"Difficult",30,10,240,0.333333333333333,8,66,0.71037103710371,28.1681571575135,0.00469469285958559,6000,4.72999999999593,286.106932874443,5.41824168455881,277.839407526888,299.29521912199
"Difficult",30,10,240,0.333333333333333,8,67,0.715671567156716,56.8392078132318,0.0094732013022053,6000,4.75999999999476,295.076124500504,5.72600781741823,286.1670896244,308.472231825814
"Difficult",30,10,240,0.333333333333333,8,68,0.716871687168717,35.0033224749564,0.00583388707915939,6000,4.98999999999069,294.512651766452,5.6355742159807,287.828181049088,309.295983780967
"Difficult",30,10,240,0.333333333333333,8,69,0.714371437143714,42.2421670609298,0.00704036117682164,6000,4.88999999999942,290.287470696497,5.29278486124511,279.473955291184,300.705199545249
"Difficult",30,10,240,0.333333333333333,8,70,0.70957095709571,59.2283914172668,0.00987139856954446,6000,4.84000000001106,278.45102145552,4.98946693839395,267.942121800967,287.444348360412
"Difficult",30,10,240,0.333333333333333,8,71,0.704570457045705,34.877241764865,0.00581287362747749,6000,4.72000000000116,283.571268931258,6.17163919440541,272.026673398912,296.737601081841
"Difficult",30,10,240,0.333333333333333,8,72,0.719371937193719,26.8324704001753,0.00447207840002922,6000,4.72000000000116,284.684713918743,5.71800670700365,275.517308345996,297.274196844711
"Difficult",30,10,240,0.333333333333333,8,73,0.70997099709971,51.6929911113089,0.00861549851855148,6000,4.72999999999593,283.490576742175,4.54072179606371,274.468200083985,292.670343517861
"Difficult",30,10,240,0.333333333333333,8,74,0.715471547154716,39.0753713973891,0.00651256189956485,6000,4.72999999999593,294.46270333868,5.52558072747519,284.232249890314,306.88786380738
"Difficult",30,10,240,0.333333333333333,8,75,0.716871687168717,55.9959749810454,0.0093326624968409,6000,4.88999999999942,289.979307511314,4.80010442488503,280.991563725984,301.027493485762
"Difficult",30,10,240,0.333333333333333,8,76,0.72027202720272,44.4812422242517,0.00741354037070862,6000,4.72999999999593,290.445283854086,5.17659061552707,280.719116638787,301.480697455257
"Difficult",30,10,240,0.333333333333333,8,77,0.715271527152715,23.230886929646,0.00387181448827433,6000,4.47000000000116,284.654443444113,5.38675094865545,274.513679876225,296.817336265929
"Difficult",30,10,240,0.333333333333333,8,78,0.706570657065707,64.3097077178001,0.0107182846196333,6000,4.41000000000349,283.917892417774,5.10336008750766,273.768297900446,293.717862688005
"Difficult",30,10,240,0.333333333333333,8,79,0.711971197119712,33.9540428010418,0.00565900713350697,6000,4.56000000001222,294.692776858352,5.87692250655023,282.54562785232,304.539439081214
"Difficult",30,10,240,0.333333333333333,8,80,0.704870487048705,54.7080185570992,0.00911800309284986,6000,5,289.18440585511,5.00887418793025,279.150409784168,298.521002676268
"Difficult",30,10,240,0.333333333333333,8,81,0.706070607060706,39.8558048617544,0.00664263414362573,6000,4.6299999999901,282.621513779729,4.86577311126833,273.024387432262,292.500145779783
"Difficult",30,10,240,0.333333333333333,8,82,0.718971897189719,48.6414769335164,0.00810691282225273,6000,5.07000000000698,280.291072744026,5.39228846181211,270.712147733197,291.436516454443
"Difficult",30,10,240,0.333333333333333,8,83,0.714071407140714,28.0986732268928,0.00468311220448213,6000,3.95999999999185,295.536815359855,5.6518392083791,282.215753027494,304.841943353415
"Difficult",30,10,240,0.333333333333333,8,84,0.711271127112711,22.6523298324034,0.00377538830540056,6000,3.88999999999942,287.622693431276,5.95879295788472,276.315363621223,299.548182046227
"Difficult",30,10,240,0.333333333333333,8,85,0.704170417041704,52.5331579156134,0.00875552631926889,6000,4.06999999999243,286.43463915153,4.73071717302951,276.45897429157,296.097802018747
"Difficult",30,10,240,0.333333333333333,8,86,0.709470947094709,41.2747760917457,0.00687912934862428,6000,3.86000000000058,290.020830596309,4.98903045641469,280.121392142726,299.999549513683
"Difficult",30,10,240,0.333333333333333,8,87,0.70957095709571,36.5079083383739,0.00608465138972898,6000,3.80000000000291,284.162329194969,5.30641365909543,270.841268678452,291.072156481259
"Difficult",30,10,240,0.333333333333333,8,88,0.707470747074707,14.937617519504,0.00248960291991733,6000,3.77999999999884,289.421701979946,6.18009537248882,276.500222291797,299.781820916571
"Difficult",30,10,240,0.333333333333333,8,89,0.714871487148715,56.2172168079138,0.0093695361346523,6000,3.89999999999418,279.277883690129,4.96397084173745,268.39401652012,288.616795429122
"Difficult",30,10,240,0.333333333333333,8,90,0.713571357135714,60.6725958920438,0.0101120993153406,6000,3.72999999999593,279.598195910403,4.93943799337392,269.474065535702,288.872733984143
"Difficult",30,10,240,0.333333333333333,8,91,0.710571057105711,36.9461581940931,0.00615769303234886,6000,4.02999999999884,294.292254775365,5.88244372089251,283.450030142325,305.57054764498
"Difficult",30,10,240,0.333333333333333,8,92,0.710571057105711,73.6398179115974,0.0122733029852662,6000,3.86000000000058,281.985554124422,4.56839598192191,272.10337851576,290.651288774563
"Difficult",30,10,240,0.333333333333333,8,93,0.713271327132713,62.2535062449228,0.0103755843741538,6000,3.81999999999243,283.884411241584,4.56328864882613,273.761510357261,291.760984428786
"Difficult",30,10,240,0.333333333333333,8,94,0.709270927092709,28.9188957296388,0.00481981595493979,6000,3.77999999999884,296.474204629724,6.25948636956395,286.382167465985,310.674178266944
"Difficult",30,10,240,0.333333333333333,8,95,0.702170217021702,54.7933011965342,0.00913221686608904,6000,3.80999999999767,276.427587403317,5.20229221394201,270.564635427669,289.825190181844
"Difficult",30,10,240,0.333333333333333,8,96,0.71027102710271,26.8285833521979,0.00447143055869964,6000,3.80000000000291,289.602008307223,5.49577598980732,279.911883280007,302.220905414573
"Difficult",30,10,240,0.333333333333333,8,97,0.701370137013701,51.8555232176744,0.00864258720294573,6000,3.72999999999593,284.729357902922,4.90403323807691,276.249812775292,295.214204569138
"Difficult",30,10,240,0.333333333333333,8,98,0.70997099709971,57.8916670570488,0.0096486111761748,6000,3.77999999999884,292.657553628716,4.96790239844967,282.660158613697,302.461941871722
"Difficult",30,10,240,0.333333333333333,8,99,0.707870787078708,42.9820044180618,0.0071636674030103,6000,3.94000000000233,280.785311136172,5.517417361785,268.026736913249,289.161065085581
"Difficult",30,10,240,0.333333333333333,8,100,0.711071107110711,11.0329321644858,0.00183882202741431,6000,3.72999999999593,282.712785380211,5.36831847271026,267.737580563594,288.523317173938
