"scenario","p","m","n_true","n_ratio","m_ratio","method","n_rep","bias","relative_bias","rmse","posterior_sd","coverage_95","stein_loss","median_runtime","mean_runtime","mean_acceptance_rate"
"p3_m10_n4",3,10,4,1.33333333333333,3.33333333333333,"Collapsed",1000,0.422607166333822,0.105651791583456,0.735457333913102,0.5662645724883,0.886,0.188486617642503,0.0799999999999983,0.0813099999999999,NA
"p3_m10_n4",3,10,4,1.33333333333333,3.33333333333333,"MLE",1000,0.319440820664603,0.0798602051661508,0.655765727585082,NA,NA,0.185146074078763,0,0.000439999999999978,NA
"p3_m10_n4",3,10,4,1.33333333333333,3.33333333333333,"RWM",1000,0.423394016373544,0.105848504093386,0.74886604741543,0.566287043424296,0.874,0.189050605712116,0.719999999999999,0.75385,0.541611152788197
"p5_m10_n6",5,10,6,1.2,2,"Collapsed",1000,0.494372342742895,0.0823953904571492,0.723953659039795,0.468690176135316,0.797,0.283755036839762,0.0799999999999983,0.0854700000000001,NA
"p5_m10_n6",5,10,6,1.2,2,"MLE",1000,0.335923656177415,0.0559872760295691,0.597062374050927,NA,NA,0.279289068568891,0,0.000409999999999926,NA
"p5_m10_n6",5,10,6,1.2,2,"RWM",1000,0.501920385996762,0.0836533976661271,0.736538049503619,0.468421877590254,0.782,0.28384642570432,0.769999999999996,0.800909999999999,0.420051762940735
"p10_m10_n11",10,10,11,1.1,1,"Collapsed",1000,0.626858669494929,0.0569871517722663,0.766052724938044,0.384428571624618,0.623,0.530233592555432,0.0900000000000034,0.0932900000000001,NA
"p10_m10_n11",10,10,11,1.1,1,"MLE",1000,0.357639710197945,0.0325127009270859,0.535647601123955,NA,NA,0.523130700688503,0,0.000260000000000019,NA
"p10_m10_n11",10,10,11,1.1,1,"RWM",1000,0.627887743732665,0.0570807039756968,0.777075926906759,0.384145050023931,0.585,0.530431416575077,0.889999999999986,0.90581,0.211950737684421
"p20_m10_n21",20,10,21,1.05,0.5,"Collapsed",1000,0.934518443942429,0.0445008782829728,1.01445231576592,0.33706611986071,0.244,1.04287894688857,0.109999999999985,0.112789999999999,NA
"p20_m10_n21",20,10,21,1.05,0.5,"MLE",1000,0.480476878393016,0.0228798513520484,0.591600227604202,NA,NA,1.03278275086161,0,0.000729999999999961,NA
"p20_m10_n21",20,10,21,1.05,0.5,"RWM",1000,0.931682032242675,0.044365811059175,1.01805016743338,0.335696898578776,0.203,1.04333510190044,1.14000000000001,1.16969,0.102248062015504
"p30_m10_n31",30,10,31,1.03333333333333,0.333333333333333,"Collapsed",1000,1.26067788398693,0.0406670285157073,1.31360522397135,0.319846996428232,0.036,1.57078356222912,0.129999999999995,0.13804,NA
"p30_m10_n31",30,10,31,1.03333333333333,0.333333333333333,"MLE",1000,0.627301272860059,0.0202355249309697,0.702833366452686,NA,NA,1.55654287969943,0,0.000710000000000036,NA
"p30_m10_n31",30,10,31,1.03333333333333,0.333333333333333,"RWM",1000,1.26675658985372,0.0408631158017329,1.32544995590846,0.317492821298447,0.018,1.5712918122539,1.71999999999997,1.73071,0.06696224056014
"p3_m10_n6",3,10,6,2,3.33333333333333,"Collapsed",1000,0.872272271303736,0.145378711883956,1.42965697914048,1.0305483281877,0.839,0.156858304159875,0.0799999999999841,0.0852400000000006,NA
"p3_m10_n6",3,10,6,2,3.33333333333333,"MLE",1000,0.65522026183838,0.109203376973063,1.26360542588373,NA,NA,0.149558680191188,0,0.00017000000000013,NA
"p3_m10_n6",3,10,6,2,3.33333333333333,"RWM",1000,0.876292147131037,0.146048691188506,1.44583049388611,1.02742320453733,0.828,0.157156517267041,0.769999999999982,0.786899999999999,0.578373843460865
"p5_m10_n10",5,10,10,2,2,"Collapsed",1000,1.32501676186124,0.132501676186124,1.764257871841,1.05539322181307,0.731,0.206150413611,0.0800000000000409,0.0883700000000004,NA
"p5_m10_n10",5,10,10,2,2,"MLE",1000,0.850540533223339,0.0850540533223339,1.3836087358052,NA,NA,0.190047564582076,0,0.000240000000000009,NA
"p5_m10_n10",5,10,10,2,2,"RWM",1000,1.34053844487723,0.134053844487723,1.79463685106777,1.05203153439095,0.722,0.206545940960096,0.800000000000068,0.833489999999999,0.40870192548137
"p10_m10_n20",10,10,20,2,1,"Collapsed",1000,2.64028694291594,0.132014347145797,2.89885025458793,1.09689287710436,0.305,0.35858812866355,0.0900000000000318,0.0978800000000023,NA
"p10_m10_n20",10,10,20,2,1,"MLE",1000,1.48160216373242,0.0740801081866208,1.84816695145977,NA,NA,0.31415956585306,0,0.000530000000000314,NA
"p10_m10_n20",10,10,20,2,1,"RWM",1000,2.65172510207002,0.132586255103501,2.92281867088717,1.09406465409855,0.284,0.358828385767218,0.92999999999995,0.95275,0.214599149787447
"p20_m10_n40",20,10,40,2,0.5,"Collapsed",1000,5.43940302068279,0.13598507551707,5.57106363537458,1.12752708240062,0.001,0.692803398242542,0.110000000000014,0.12177,NA
"p20_m10_n40",20,10,40,2,0.5,"MLE",1000,2.85959079762097,0.0714897699405243,3.06433338653511,NA,NA,0.588805887197707,0,0.00060000000000025,NA
"p20_m10_n40",20,10,40,2,0.5,"RWM",1000,5.46877857518651,0.136719464379663,5.61026395742788,1.11470826271952,0.002,0.693097292241026,1.28999999999996,1.35652,0.108507126781695
"p30_m10_n60",30,10,60,2,0.333333333333333,"Collapsed",1000,8.3423663296453,0.139039438827422,8.44136693732247,1.1407256555581,0,1.02979363274912,0.139999999999986,0.149880000000001,NA
"p30_m10_n60",30,10,60,2,0.333333333333333,"MLE",1000,4.34082526597627,0.0723470877662712,4.49754096435702,NA,NA,0.864095275759824,0,0.000589999999999691,NA
"p30_m10_n60",30,10,60,2,0.333333333333333,"RWM",1000,8.33823774729388,0.138970629121565,8.45574048440154,1.12423139171763,0,1.02981983204896,1.97000000000003,2.02338,0.0724736184046011
"p3_m10_n12",3,10,12,4,3.33333333333333,"Collapsed",1000,2.13904760255263,0.178253966879386,3.38307102185091,2.36112284828299,0.835,0.122198184013271,0.0800000000000409,0.0932400000000007,NA
"p3_m10_n12",3,10,12,4,3.33333333333333,"MLE",1000,1.57129207313567,0.130941006094639,2.94941215617364,NA,NA,0.109953871601589,0,0.000229999999999905,NA
"p3_m10_n12",3,10,12,4,3.33333333333333,"RWM",1000,2.18914231944041,0.182428526620034,3.44986830162042,2.34052801160231,0.829,0.12263201549681,0.769999999999982,0.785559999999999,0.494742685671418
"p5_m10_n20",5,10,20,4,2,"Collapsed",1000,3.35360545908304,0.167680272954152,4.24820620897655,2.42738321769791,0.689,0.152888606499342,0.0800000000000409,0.0941100000000005,NA
"p5_m10_n20",5,10,20,4,2,"MLE",1000,2.12193096504902,0.106096548252451,3.23676891546597,NA,NA,0.124777676506351,0,0.000250000000000114,NA
"p5_m10_n20",5,10,20,4,2,"RWM",1000,3.38633476351178,0.169316738175589,4.33556686714268,2.41190706004913,0.683,0.153187038703041,0.839999999999918,0.87449,0.324939734933733
"p10_m10_n40",10,10,40,4,1,"Collapsed",1000,6.8069787003255,0.170174467508137,7.32548118347593,2.51964855119409,0.19,0.266282259517249,0.0899999999999181,0.0971899999999953,NA
"p10_m10_n40",10,10,40,4,1,"MLE",1000,3.80916608806763,0.0952291522016908,4.55786972639233,NA,NA,0.193045319354726,0,0.000649999999999864,NA
"p10_m10_n40",10,10,40,4,1,"RWM",1000,6.81768972178714,0.170442243044679,7.38560183298466,2.48787566239701,0.184,0.266793787090259,0.900000000000091,0.937230000000003,0.16517504376094
"p20_m10_n80",20,10,80,4,0.5,"Collapsed",1000,14.0294994816295,0.175368743520369,14.308531191928,2.58329521275122,0,0.517344858123191,0.1099999999999,0.114309999999994,NA
"p20_m10_n80",20,10,80,4,0.5,"MLE",1000,7.40767737499422,0.0925959671874277,7.84385474176137,NA,NA,0.3498786663347,0,0.000389999999999645,NA
"p20_m10_n80",20,10,80,4,0.5,"RWM",1000,13.9939674995385,0.174924593744231,14.3085421968127,2.50209244590516,0,0.516886536178088,1.24000000000001,1.27444,0.0830205051262816
"p30_m10_n120",30,10,120,4,0.333333333333333,"Collapsed",1000,21.3328446215908,0.177773705179923,21.5195188864168,2.60747805766338,0,0.770710699842129,0.130000000000109,0.14511,NA
"p30_m10_n120",30,10,120,4,0.333333333333333,"MLE",1000,11.0641412948365,0.0922011774569711,11.3624754489744,NA,NA,0.508319507072977,0,0.000549999999999727,NA
"p30_m10_n120",30,10,120,4,0.333333333333333,"RWM",1000,21.3444343753326,0.177870286461105,21.5708753763609,2.51565615948314,0,0.771540268961188,1.98000000000002,2.02248,0.0557226806701675
"p3_m10_n24",3,10,24,8,3.33333333333333,"Collapsed",1000,4.7106760230119,0.196278167625496,7.07844289521675,5.00457305204473,0.831,0.104849869502208,0.160000000000082,0.172929999999997,NA
"p3_m10_n24",3,10,24,8,3.33333333333333,"MLE",1000,3.44855934879846,0.143689972866602,6.10041003889009,NA,NA,0.0893689086962221,0,0.0003900000000001,NA
"p3_m10_n24",3,10,24,8,3.33333333333333,"RWM",1000,4.78263740571188,0.199276558571328,7.30710857053557,4.93514551594296,0.819,0.106307829777112,0.779999999999973,0.807180000000003,0.386739434858715
"p5_m10_n40",5,10,40,8,2,"Collapsed",1000,7.44937698908531,0.186234424727133,9.43136234655755,5.14542899084095,0.648,0.130758201569095,0.0900000000001455,0.108589999999998,NA
"p5_m10_n40",5,10,40,8,2,"MLE",1000,4.72710275552041,0.11817756888801,7.19867742287673,NA,NA,0.0964855093059108,0,0.000339999999999691,NA
"p5_m10_n40",5,10,40,8,2,"RWM",1000,7.46891939601847,0.186722984900462,9.64070026028546,5.03788199019942,0.633,0.131385524705752,0.830000000000155,0.850610000000001,0.239866966741685
"p10_m10_n80",10,10,80,8,1,"Collapsed",1000,15.2829385772998,0.191036732216248,16.4598643010083,5.34233076712523,0.167,0.227155489896702,0.0800000000001546,0.0943499999999983,NA
"p10_m10_n80",10,10,80,8,1,"MLE",1000,8.6144920024051,0.107681150030064,10.302356371225,NA,NA,0.136879854906152,0,0.000419999999999845,NA
"p10_m10_n80",10,10,80,8,1,"RWM",1000,15.230875046044,0.19038593807555,16.6190528520719,5.13812462248713,0.158,0.227107984015787,0.899999999999864,0.913870000000001,0.120628407101775
"p20_m10_n160",20,10,160,8,0.5,"Collapsed",1000,31.4265941369513,0.196416213355945,31.9873362908168,5.47021944835593,0,0.440895049815625,0.1099999999999,0.115490000000002,NA
"p20_m10_n160",20,10,160,8,0.5,"MLE",1000,16.6986707903057,0.104366692439411,17.5715035104162,NA,NA,0.235661633727903,0,0.000380000000000791,NA
"p20_m10_n160",20,10,160,8,0.5,"RWM",1000,31.5298372841209,0.197061483025755,32.2308211556524,5.05869212017188,0,0.442288521429101,1.24000000000001,1.26454,0.0606734183545886
"p30_m10_n240",30,10,240,8,0.333333333333333,"Collapsed",1000,47.5026236660596,0.197927598608582,47.8654907937747,5.51420203285253,0,0.659592036132402,0.130000000000109,0.137710000000001,NA
"p30_m10_n240",30,10,240,8,0.333333333333333,"MLE",1000,24.6860804306061,0.102858668460859,25.2648038067361,NA,NA,0.339760867629203,0,0.000409999999999854,NA
"p30_m10_n240",30,10,240,8,0.333333333333333,"RWM",1000,47.459125797969,0.197746357491538,47.9846162489236,4.82935569892535,0,0.660013703158458,1.8900000000001,1.91831999999999,0.0406674168542136
"p3_m20_n4",3,20,4,1.33333333333333,6.66666666666667,"Collapsed",1000,0.189972076758439,0.0474930191896097,0.426029182730055,0.367746995774952,0.917,0.0904894575311192,0.0800000000001546,0.0877800000000027,NA
"p3_m20_n4",3,20,4,1.33333333333333,6.66666666666667,"MLE",1000,0.143079224575409,0.0357698061438523,0.398395445321464,NA,NA,0.0897258639969776,0,0.000429999999999836,NA
"p3_m20_n4",3,20,4,1.33333333333333,6.66666666666667,"RWM",1000,0.195070801663886,0.0487677004159714,0.441892445760618,0.366796371313805,0.908,0.0905682101784165,0.779999999999973,0.812979999999998,0.404672168042011
"p5_m20_n6",5,20,6,1.2,4,"Collapsed",1000,0.216408367363176,0.0360680612271959,0.394005112406008,0.30622648578818,0.879,0.134830766876546,0.0800000000001546,0.0914799999999987,NA
"p5_m20_n6",5,20,6,1.2,4,"MLE",1000,0.142469332999449,0.0237448888332415,0.347677838358109,NA,NA,0.133752328251048,0,0.000320000000000164,NA
"p5_m20_n6",5,20,6,1.2,4,"RWM",1000,0.217370028240706,0.0362283380401177,0.40447903057749,0.305726120665324,0.872,0.134873642214766,0.829999999999927,0.849880000000006,0.299237059264816
"p10_m20_n11",10,20,11,1.1,2,"Collapsed",1000,0.277974747263242,0.0252704315693856,0.378873713227854,0.252778885507741,0.829,0.260557116802379,0.0899999999999181,0.09778,NA
"p10_m20_n11",10,20,11,1.1,2,"MLE",1000,0.155091442503952,0.0140992220458138,0.289136113779767,NA,NA,0.259155138748444,0,0.000450000000000045,NA
"p10_m20_n11",10,20,11,1.1,2,"RWM",1000,0.280033436648428,0.0254575851498571,0.390217226633859,0.251283981121434,0.784,0.260650115964379,0.909999999999854,0.936939999999997,0.144527381845461
"p20_m20_n21",20,20,21,1.05,1,"Collapsed",1000,0.431968744420215,0.0205699402104864,0.497726992151174,0.220699264941832,0.598,0.511680907841166,0.110000000000127,0.118649999999998,NA
"p20_m20_n21",20,20,21,1.05,1,"MLE",1000,0.224692464974824,0.0106996411892773,0.320976148548667,NA,NA,0.509686420693181,0,0.000360000000001037,NA
"p20_m20_n21",20,20,21,1.05,1,"RWM",1000,0.43454630779509,0.0206926813235757,0.506206593918737,0.218181457873024,0.49,0.511793396641721,1.15000000000009,1.18064000000001,0.0689557389347337
"p30_m20_n31",30,20,31,1.03333333333333,0.666666666666667,"Collapsed",1000,0.571517110391996,0.0184360358190966,0.617579511846336,0.207578497345645,0.358,0.766279578453768,0.130000000000109,0.142560000000006,NA
"p30_m20_n31",30,20,31,1.03333333333333,0.666666666666667,"MLE",1000,0.296330535794936,0.00955904954177212,0.362519053969051,NA,NA,0.764683385514264,0,0.000689999999998236,NA
"p30_m20_n31",30,20,31,1.03333333333333,0.666666666666667,"RWM",1000,0.571375316464157,0.0184314618214244,0.618835855503495,0.205670429367866,0.203,0.766492752059183,1.7199999999998,1.73872,0.0447786946736684
"p3_m20_n6",3,20,6,2,6.66666666666667,"Collapsed",1000,0.382185547841761,0.0636975913069602,0.795357897771305,0.664653236074585,0.907,0.0710983134423466,0.0799999999999272,0.0889099999999971,NA
"p3_m20_n6",3,20,6,2,6.66666666666667,"MLE",1000,0.280231385139722,0.0467052308566203,0.735397433715332,NA,NA,0.0694170601736579,0,0.000320000000000618,NA
"p3_m20_n6",3,20,6,2,6.66666666666667,"RWM",1000,0.394714207675699,0.0657857012792832,0.82111697902965,0.662319007179407,0.899,0.071223379453709,0.799999999999727,0.822170000000007,0.457797699424856
"p5_m20_n10",5,20,10,2,4,"Collapsed",1000,0.590888678066911,0.0590888678066911,0.937948565541165,0.690915505901502,0.857,0.0934579591677261,0.109999999999673,0.103519999999999,NA
"p5_m20_n10",5,20,10,2,4,"MLE",1000,0.369885352889585,0.0369885352889585,0.795663295907354,NA,NA,0.0895722777885135,0,0.000459999999999582,NA
"p5_m20_n10",5,20,10,2,4,"RWM",1000,0.59835905210792,0.059835905210792,0.948187900870351,0.688603132858668,0.851,0.0935124162601219,0.949999999999818,0.957420000000001,0.295306826706677
"p10_m20_n20",10,20,20,2,2,"Collapsed",1000,1.23157780503769,0.0615788902518846,1.46693649382638,0.72399088802415,0.593,0.159843925616045,0.110000000000127,0.114079999999994,NA
"p10_m20_n20",10,20,20,2,2,"MLE",1000,0.725943705411935,0.0362971852705967,1.05709967148856,NA,NA,0.150472605104184,0,0.000490000000000236,NA
"p10_m20_n20",10,20,20,2,2,"RWM",1000,1.24060529533217,0.0620302647666086,1.48923906805035,0.718984960849857,0.562,0.159994672934281,1.09000000000015,1.1084,0.149782945736434
"p20_m20_n40",20,20,40,2,1,"Collapsed",1000,2.53036232849413,0.0632590582123533,2.64991341393466,0.744254661338879,0.078,0.303059016966054,0.130000000000109,0.129960000000001,NA
"p20_m20_n40",20,20,40,2,1,"MLE",1000,1.3187341408981,0.0329683535224526,1.51826048405929,NA,NA,0.278225801264345,0,0.000519999999999072,NA
"p20_m20_n40",20,20,40,2,1,"RWM",1000,2.53004956946959,0.0632512392367398,2.66437041546419,0.735688707798011,0.068,0.303360303158353,1.41000000000031,1.42353,0.0761612903225806
"p30_m20_n60",30,20,60,2,0.666666666666667,"Collapsed",1000,3.89807480360013,0.0649679133933355,3.9749372944075,0.752656359531161,0.001,0.449149418256966,0.140000000000327,0.146540000000015,NA
"p30_m20_n60",30,20,60,2,0.666666666666667,"MLE",1000,1.99982591820723,0.0333304319701206,2.13206495411549,NA,NA,0.408361414822492,0,0.000599999999999909,NA
"p30_m20_n60",30,20,60,2,0.666666666666667,"RWM",1000,3.89430624037208,0.0649051040062014,3.98538606998388,0.736057087920765,0.001,0.4493914170547,1.9849999999999,2.02008999999999,0.0507409352338085
"p3_m20_n12",3,20,12,4,6.66666666666667,"Collapsed",1000,0.905094139989526,0.0754245116657938,1.79801561621579,1.51450399899862,0.902,0.0502619806780594,0.0900000000001455,0.0932600000000079,NA
"p3_m20_n12",3,20,12,4,6.66666666666667,"MLE",1000,0.644128720688549,0.0536773933907124,1.64686471770344,NA,NA,0.047560291618533,0,0.000320000000000164,NA
"p3_m20_n12",3,20,12,4,6.66666666666667,"RWM",1000,0.93825444841767,0.0781878707014725,1.8715145503149,1.50211878087413,0.899,0.0506701653739356,0.839999999999691,0.839309999999991,0.375952988247062
"p5_m20_n20",5,20,20,4,4,"Collapsed",1000,1.5258981312988,0.0762949065649398,2.26627146883019,1.58608644553357,0.832,0.0626684059075383,0.0999999999999091,0.0990600000000181,NA
"p5_m20_n20",5,20,20,4,4,"MLE",1000,0.950036805549561,0.0475018402774781,1.87968637470375,NA,NA,0.0559766569504207,0,0.000460000000000946,NA
"p5_m20_n20",5,20,20,4,4,"RWM",1000,1.51207410886459,0.0756037054432294,2.30282203938696,1.57102679639924,0.825,0.0627553597562116,0.889999999999873,0.892979999999991,0.23187071767942
"p10_m20_n40",10,20,40,4,2,"Collapsed",1000,3.18326989151008,0.079581747287752,3.62039457879859,1.6568721308233,0.499,0.102850190333333,0.0999999999999091,0.102690000000002,NA
"p10_m20_n40",10,20,40,4,2,"MLE",1000,1.80355521969454,0.0450888804923636,2.45096448359892,NA,NA,0.0850734328879883,0,0.000300000000000637,NA
"p10_m20_n40",10,20,40,4,2,"RWM",1000,3.17485147590878,0.0793712868977195,3.65959464146202,1.62163810670969,0.48,0.103206730730767,0.9699999999998,0.980480000000001,0.116983495873968
"p20_m20_n80",20,20,80,4,1,"Collapsed",1000,6.62203475243296,0.0827754344054119,6.86403089618572,1.70015323369224,0.022,0.196384896749119,0.119999999999891,0.122869999999996,NA
"p20_m20_n80",20,20,80,4,1,"MLE",1000,3.47877407639365,0.0434846759549206,3.88384343979419,NA,NA,0.153647680342292,0,0.000629999999999654,NA
"p20_m20_n80",20,20,80,4,1,"RWM",1000,6.64064814974081,0.0830081018717602,6.92779786549556,1.6288102984139,0.031,0.196691008082688,1.31999999999971,1.33255000000001,0.0587939484871218
"p30_m20_n120",30,20,120,4,0.666666666666667,"Collapsed",1000,10.0951128045234,0.0841259400376951,10.2553497243284,1.71593792791274,0,0.292393660148963,0.139999999999873,0.143509999999988,NA
"p30_m20_n120",30,20,120,4,0.666666666666667,"MLE",1000,5.21062882218491,0.0434219068515409,5.48838782630056,NA,NA,0.224744112561552,0,0.000539999999998599,NA
"p30_m20_n120",30,20,120,4,0.666666666666667,"RWM",1000,10.1176669538138,0.0843138912817814,10.3250088392982,1.62835953101694,0,0.293033851311714,1.9699999999998,1.96526000000001,0.0394376094023506
"p3_m20_n24",3,20,24,8,6.66666666666667,"Collapsed",1000,2.05727129913564,0.085719637463985,3.93443643858684,3.20977074302259,0.895,0.0428254914632237,0.0900000000001455,0.0997899999999981,NA
"p3_m20_n24",3,20,24,8,6.66666666666667,"MLE",1000,1.47518957554973,0.061466232314572,3.58956713176814,NA,NA,0.0392878791983296,0,0.000369999999999891,NA
"p3_m20_n24",3,20,24,8,6.66666666666667,"RWM",1000,2.08372369313034,0.0868218205470974,4.11719389494622,3.16300525786065,0.883,0.0433513212802864,0.860000000000127,0.865430000000003,0.282875718929732
"p5_m20_n40",5,20,40,8,4,"Collapsed",1000,3.42879161852501,0.0857197904631251,4.87925056368038,3.35630311728213,0.816,0.0489783705922774,0.0999999999999091,0.100100000000001,NA
"p5_m20_n40",5,20,40,8,4,"MLE",1000,2.14484761184829,0.0536211902962074,3.98597819018749,NA,NA,0.0402919181335707,0,0.000429999999998017,NA
"p5_m20_n40",5,20,40,8,4,"RWM",1000,3.49541515152462,0.0873853787881156,5.16163994394472,3.27144878103028,0.769,0.0498158298995769,0.909999999999854,0.922150000000005,0.17074943735934
"p10_m20_n80",10,20,80,8,2,"Collapsed",1000,7.02039961200283,0.0877549951500354,7.93631867251017,3.49614072391958,0.465,0.076506256081234,0.109999999999673,0.10387,NA
"p10_m20_n80",10,20,80,8,2,"MLE",1000,3.87849267835063,0.0484811584793829,5.26095546940638,NA,NA,0.0540346028277435,0,0.000400000000001455,NA
"p10_m20_n80",10,20,80,8,2,"RWM",1000,7.11102120939867,0.0888877651174833,8.18259665269773,3.31310956417638,0.41,0.0771875545204628,0.989999999999782,0.995000000000003,0.0859512378094524
"p20_m20_n160",20,20,160,8,1,"Collapsed",1000,14.9600342133691,0.0935002138335571,15.4074983442171,3.59158770335129,0.012,0.145982534940934,0.119999999999891,0.12322,NA
"p20_m20_n160",20,20,160,8,1,"MLE",1000,7.9975448355046,0.0499846552219038,8.74055904195114,NA,NA,0.0927918477942509,0,0.000419999999998254,NA
"p20_m20_n160",20,20,160,8,1,"RWM",1000,15.0163932293902,0.0938524576836888,15.6018951816783,3.18043644810526,0.009,0.146452282901574,1.32999999999993,1.34114999999999,0.0429399849962491
"p30_m20_n240",30,20,240,8,0.666666666666667,"Collapsed",1000,22.255430642835,0.0927309610118124,22.5850955611267,3.61589518060804,0,0.213436399137686,0.140000000000327,0.148600000000005,NA
"p30_m20_n240",30,20,240,8,0.666666666666667,"MLE",1000,11.4594375780543,0.0477476565752263,12.033721187476,NA,NA,0.131932142845521,0,0.000569999999998345,NA
"p30_m20_n240",30,20,240,8,0.666666666666667,"RWM",1000,22.3364965682574,0.0930687357010727,22.8145253380467,3.04924824429726,0,0.213795630459951,2.01000000000022,2.05041999999999,0.0288754688672168
"p3_m50_n4",3,50,4,1.33333333333333,16.6666666666667,"Collapsed",1000,0.0689634045622413,0.0172408511405603,0.238733585914983,0.221700575463591,0.931,0.0350941272441459,0.0999999999999091,0.0998300000000058,NA
"p3_m50_n4",3,50,4,1.33333333333333,16.6666666666667,"MLE",1000,0.0513202178244193,0.0128300544561048,0.23149935867942,NA,NA,0.0349723460222633,0,0.000289999999999054,NA
"p3_m50_n4",3,50,4,1.33333333333333,16.6666666666667,"RWM",1000,0.0703390331721705,0.0175847582930426,0.247178519621362,0.220949012616719,0.926,0.0351477596767471,0.860000000000127,0.875029999999997,0.255856714178545
"p5_m50_n6",5,50,6,1.2,10,"Collapsed",1000,0.0809247118871916,0.0134874519811986,0.207839351161015,0.185790637442286,0.935,0.0534637080872906,0.0999999999999091,0.102499999999994,NA
"p5_m50_n6",5,50,6,1.2,10,"MLE",1000,0.0531553962021366,0.0088592327003561,0.195822887281793,NA,NA,0.0532955333456269,0,0.000449999999999818,NA
"p5_m50_n6",5,50,6,1.2,10,"RWM",1000,0.0799725266970186,0.0133287544495031,0.215519134808206,0.185621650004878,0.924,0.0534943723594403,0.909999999999854,0.915249999999995,0.187198549637409
"p10_m50_n11",10,50,11,1.1,5,"Collapsed",1000,0.105202232443095,0.00956383931300866,0.193268304712531,0.153536334961784,0.91,0.10314606601505,0.110000000000127,0.110450000000002,NA
"p10_m50_n11",10,50,11,1.1,5,"MLE",1000,0.0584488072931729,0.00531352793574299,0.167925430051928,NA,NA,0.102948422296651,0,0.000489999999999327,NA
"p10_m50_n11",10,50,11,1.1,5,"RWM",1000,0.106143551525957,0.00964941377508702,0.200474252244212,0.152827440972313,0.872,0.103151503057933,1,1.02057,0.089638159539885
"p20_m50_n21",20,50,21,1.05,2.5,"Collapsed",1000,0.168739925352837,0.00803523454061126,0.220157122558871,0.13321378758764,0.885,0.201957314890964,0.130000000000109,0.138109999999994,NA
"p20_m50_n21",20,50,21,1.05,2.5,"MLE",1000,0.0906850219936386,0.00431833438064946,0.160643272183602,NA,NA,0.201643015563516,0,0.000800000000000182,NA
"p20_m50_n21",20,50,21,1.05,2.5,"RWM",1000,0.166686843923294,0.00793746875825208,0.22146225591936,0.132075551583617,0.725,0.202046725518986,1.25,1.29376000000001,0.0424121030257564
"p30_m50_n31",30,50,31,1.03333333333333,1.66666666666667,"Collapsed",1000,0.229286957082656,0.00739635345427921,0.268634655438851,0.124600096536016,0.82,0.303215464163219,0.159999999999854,0.165129999999989,NA
"p30_m50_n31",30,50,31,1.03333333333333,1.66666666666667,"MLE",1000,0.122510132802911,0.00395193976783583,0.175811300823061,NA,NA,0.302782322863353,0,0.000909999999997126,NA
"p30_m50_n31",30,50,31,1.03333333333333,1.66666666666667,"RWM",1000,0.227266759631579,0.00733118579456707,0.269004270688253,0.122405303570696,0.527,0.303343277901057,1.93000000000029,1.95589999999999,0.0273970992748187
"p3_m50_n6",3,50,6,2,16.6666666666667,"Collapsed",1000,0.145579811176584,0.024263301862764,0.444554806229813,0.400683990768836,0.93,0.0276555862404993,0.0999999999994543,0.099579999999989,NA
"p3_m50_n6",3,50,6,2,16.6666666666667,"MLE",1000,0.107032604163788,0.0178387673606313,0.428807703941602,NA,NA,0.0273955717061247,0,0.000510000000002037,NA
"p3_m50_n6",3,50,6,2,16.6666666666667,"RWM",1000,0.145903553168134,0.0243172588613557,0.457821134995076,0.399357739075779,0.922,0.027637129442832,0.859999999999673,0.879949999999995,0.303792698174544
"p5_m50_n10",5,50,10,2,10,"Collapsed",1000,0.251980073066511,0.0251980073066511,0.495893455005027,0.420904388012908,0.913,0.035758533030677,0.100000000000364,0.103889999999994,NA
"p5_m50_n10",5,50,10,2,10,"MLE",1000,0.166630351673239,0.0166630351673239,0.452912258848066,NA,NA,0.0350756765152593,0,0.000460000000002765,NA
"p5_m50_n10",5,50,10,2,10,"RWM",1000,0.259646827501162,0.0259646827501162,0.518973176977263,0.419922591240617,0.903,0.0358277155429741,0.909999999999854,0.927229999999997,0.186181545386347
"p10_m50_n20",10,50,20,2,5,"Collapsed",1000,0.470371001337824,0.0235185500668912,0.65492754511982,0.440058041197879,0.817,0.0603222662715458,0.109999999999673,0.111000000000021,NA
"p10_m50_n20",10,50,20,2,5,"MLE",1000,0.259422073657805,0.0129711036828902,0.517822992153968,NA,NA,0.0585481049452833,0,0.000460000000001855,NA
"p10_m50_n20",10,50,20,2,5,"RWM",1000,0.471572714204889,0.0235786357102445,0.676714455669178,0.435058415034992,0.772,0.0603558122968382,1.01000000000022,1.0335,0.0946811702925731
"p20_m50_n40",20,50,40,2,2.5,"Collapsed",1000,1.00291069491508,0.025072767372877,1.10085931247539,0.453056810203188,0.442,0.112512562291009,0.130000000000109,0.132219999999999,NA
"p20_m50_n40",20,50,40,2,2.5,"MLE",1000,0.531289034501924,0.0132822258625481,0.693159151275858,NA,NA,0.108392496651607,0,0.000489999999997963,NA
"p20_m50_n40",20,50,40,2,2.5,"RWM",1000,1.01292766257286,0.0253231915643216,1.12450926575543,0.441307844346963,0.394,0.112628396775407,1.35000000000036,1.37034999999997,0.0477746936734184
"p30_m50_n60",30,50,60,2,1.66666666666667,"Collapsed",1000,1.33867053503155,0.0223111755838592,1.41140381095794,0.455857822018274,0.212,0.162964182509151,0.149999999999636,0.157670000000016,NA
"p30_m50_n60",30,50,60,2,1.66666666666667,"MLE",1000,0.781452196133155,0.0130242032688859,0.89637068212213,NA,NA,0.158992642952938,0,0.000590000000000146,NA
"p30_m50_n60",30,50,60,2,1.66666666666667,"RWM",1000,1.3307403241631,0.0221790054027183,1.42080293744966,0.43944593639504,0.148,0.163033798242614,2.05499999999984,2.08170999999999,0.0319439859964991
"p3_m50_n12",3,50,12,4,16.6666666666667,"Collapsed",1000,0.385900011651567,0.0321583343042973,1.00728595789149,0.916591500947142,0.927,0.0195775630525816,0.0900000000001455,0.0960800000000036,NA
"p3_m50_n12",3,50,12,4,16.6666666666667,"MLE",1000,0.284967659752487,0.023747304979374,0.964042283725342,NA,NA,0.0190526018141859,0,0.000299999999999272,NA
"p3_m50_n12",3,50,12,4,16.6666666666667,"RWM",1000,0.386485015519133,0.0322070846265944,1.0482659496663,0.909137187033262,0.923,0.0196593940382255,0.829999999999927,0.835680000000011,0.241803950987747
"p5_m50_n20",5,50,20,4,10,"Collapsed",1000,0.618393745997612,0.0309196872998806,1.1784523881127,0.962432401811138,0.891,0.0228239487329827,0.0999999999994543,0.0989699999999966,NA
"p5_m50_n20",5,50,20,4,10,"MLE",1000,0.395380184077277,0.0197690092038638,1.06650947125886,NA,NA,0.021669204951841,0,0.000300000000001091,NA
"p5_m50_n20",5,50,20,4,10,"RWM",1000,0.63768770862809,0.0318843854314045,1.22648677170946,0.952451817792541,0.88,0.0228763180451798,0.8799999999992,0.880000000000013,0.146954738684671
"p10_m50_n40",10,50,40,4,5,"Collapsed",1000,1.28193135205037,0.0320482838012592,1.64244242723891,1.00658573865452,0.741,0.0352734291769705,0.109999999999673,0.106439999999994,NA
"p10_m50_n40",10,50,40,4,5,"MLE",1000,0.732786900596438,0.018319672514911,1.24838457051257,NA,NA,0.0321898696877453,0,0.000280000000001564,NA
"p10_m50_n40",10,50,40,4,5,"RWM",1000,1.27349785465123,0.0318374463662808,1.68684502019763,0.98013479580541,0.705,0.0352970913161067,0.970000000000255,0.97875000000002,0.0739142285571393
"p20_m50_n80",20,50,80,4,2.5,"Collapsed",1000,2.63677458118579,0.0329596822648224,2.84025905814276,1.03211502503725,0.28,0.0639742061536854,0.119999999999891,0.128030000000002,NA
"p20_m50_n80",20,50,80,4,2.5,"MLE",1000,1.41645927852798,0.0177057409815997,1.75598264053177,NA,NA,0.0568983032357278,0,0.000450000000005275,NA
"p20_m50_n80",20,50,80,4,2.5,"RWM",1000,2.66516107691015,0.0333145134613769,2.91984485792702,0.964629674316859,0.232,0.0642722364738409,1.32999999999993,1.34099000000002,0.0370990247561891
"p30_m50_n120",30,50,120,4,1.66666666666667,"Collapsed",1000,3.92701540853395,0.0327251284044496,4.0651596708679,1.0405588365731,0.034,0.0940262796807042,0.149999999999636,0.150460000000002,NA
"p30_m50_n120",30,50,120,4,1.66666666666667,"MLE",1000,2.0399916376446,0.016999930313705,2.2833209497995,NA,NA,0.0829931764102939,0,0.000510000000003856,NA
"p30_m50_n120",30,50,120,4,1.66666666666667,"RWM",1000,3.92482538142002,0.0327068781785001,4.12076275250722,0.946973082857547,0.029,0.0940919694605728,2,2.01968999999999,0.0247689422355589
"p3_m50_n24",3,50,24,8,16.6666666666667,"Collapsed",1000,0.877113911931694,0.0365464129971539,2.22038829259776,1.93783570038127,0.908,0.0162267884373348,0.100000000000364,0.105250000000005,NA
"p3_m50_n24",3,50,24,8,16.6666666666667,"MLE",1000,0.654140930154331,0.0272558720897638,2.12296127854878,NA,NA,0.0155672916022214,0,0.00037000000000171,NA
"p3_m50_n24",3,50,24,8,16.6666666666667,"RWM",1000,0.886130495380531,0.0369221039741888,2.34535580070098,1.89489851991297,0.888,0.0166849676607224,0.890000000000327,0.914810000000005,0.179448612153038
"p5_m50_n40",5,50,40,8,10,"Collapsed",1000,1.24131817759516,0.0310329544398789,2.36574393067825,2.02518490457251,0.912,0.0154089229943714,0.109999999999673,0.104999999999995,NA
"p5_m50_n40",5,50,40,8,10,"MLE",1000,0.744462995396251,0.0186115748849063,2.12142076765034,NA,NA,0.014142867580259,0,0.000330000000005384,NA
"p5_m50_n40",5,50,40,8,10,"RWM",1000,1.26574209682912,0.0316435524207279,2.52286928807038,1.93392779183077,0.874,0.0157864196583824,0.930000000000291,0.941759999999997,0.108438859714929
"p10_m50_n80",10,50,80,8,5,"Collapsed",1000,2.80361027145657,0.0350451283932071,3.5361744522067,2.12132414269672,0.747,0.0226274070262954,0.110000000000582,0.120060000000013,NA
"p10_m50_n80",10,50,80,8,5,"MLE",1000,1.58403351587309,0.0198004189484136,2.64759448802958,NA,NA,0.0188591312200131,0,0.000390000000001237,NA
"p10_m50_n80",10,50,80,8,5,"RWM",1000,2.93914892001169,0.0367393615001461,3.82946291171571,1.95763660116324,0.625,0.023280810104978,1.07999999999993,1.11969000000001,0.0544438609652413
"p20_m50_n160",20,50,160,8,2.5,"Collapsed",1000,5.70379533568964,0.0356487208480603,6.1281584850001,2.17196939363385,0.268,0.0400009234709967,0.130000000000109,0.136009999999993,NA
"p20_m50_n160",20,50,160,8,2.5,"MLE",1000,3.00113095446436,0.0187570684654022,3.72228180927287,NA,NA,0.0314972316174901,0,0.000530000000003383,NA
"p20_m50_n160",20,50,160,8,2.5,"RWM",1000,5.67946662709801,0.0354966664193625,6.27702015297034,1.84565095227894,0.185,0.0401186671666048,1.38999999999942,1.40778000000001,0.0272713178294574
"p30_m50_n240",30,50,240,8,1.66666666666667,"Collapsed",1000,8.6856244191907,0.0361901017466279,8.96030364390163,2.19062159885542,0.027,0.0585134734433492,0.150000000000546,0.155570000000001,NA
"p30_m50_n240",30,50,240,8,1.66666666666667,"MLE",1000,4.51727739728444,0.0188219891553519,5.00519727910522,NA,NA,0.0451027316617426,0,0.000460000000004584,NA
"p30_m50_n240",30,50,240,8,1.66666666666667,"RWM",1000,8.597822754479,0.0358242614769958,9.02633478382243,1.73201923942135,0.023,0.0585461510411273,2.03999999999996,2.05320999999998,0.0182418104526132
"p3_m100_n4",3,100,4,1.33333333333333,33.3333333333333,"Collapsed",1000,0.0355971604689792,0.00889929011724479,0.160218483200039,0.154605946624195,0.946,0.0170284521646051,0.100000000000364,0.10375000000002,NA
"p3_m100_n4",3,100,4,1.33333333333333,33.3333333333333,"MLE",1000,0.0269069120147023,0.00672672800367557,0.157670504742475,NA,NA,0.0169963263465367,0,0.000399999999998727,NA
"p3_m100_n4",3,100,4,1.33333333333333,33.3333333333333,"RWM",1000,0.0373448148306523,0.00933620370766307,0.165437233621456,0.154410513407966,0.944,0.0170570762153477,0.859999999999673,0.864179999999994,0.179993248312078
"p5_m100_n6",5,100,6,1.2,20,"Collapsed",1000,0.0444377206389594,0.00740628677315991,0.144288500494414,0.129812560664276,0.934,0.0265256160714109,0.109999999999673,0.105230000000005,NA
"p5_m100_n6",5,100,6,1.2,20,"MLE",1000,0.0299980902068676,0.0049996817011446,0.139202174441212,NA,NA,0.0264881576160723,0,0.000400000000002365,NA
"p5_m100_n6",5,100,6,1.2,20,"RWM",1000,0.0452848674962327,0.00754747791603878,0.15187468123337,0.129154397436469,0.913,0.0265275954107854,0.889999999999418,0.897610000000021,0.131701175293823
"p10_m100_n11",10,100,11,1.1,10,"Collapsed",1000,0.0574864219551701,0.00522603835956092,0.122307091295173,0.107316368375161,0.945,0.050386159029806,0.109999999999673,0.114309999999991,NA
"p10_m100_n11",10,100,11,1.1,10,"MLE",1000,0.0337414794002323,0.00306740721820294,0.110432311576851,NA,NA,0.0503196359876804,0,0.000619999999999891,NA
"p10_m100_n11",10,100,11,1.1,10,"RWM",1000,0.0564505742008874,0.00513187038189886,0.126450541997532,0.106447995664423,0.902,0.0503922330026549,0.989999999999782,0.997540000000002,0.0627726931732933
"p20_m100_n21",20,100,21,1.05,5,"Collapsed",1000,0.0803530007852582,0.00382633337072658,0.129114946217306,0.0925242484141665,0.964,0.100533902921834,0.130000000000109,0.129420000000005,NA
"p20_m100_n21",20,100,21,1.05,5,"MLE",1000,0.0398768715830638,0.00189889864681256,0.10284640968591,NA,NA,0.10045905413611,0,0.00062999999999829,NA
"p20_m100_n21",20,100,21,1.05,5,"RWM",1000,0.0766512993175443,0.00365006187226401,0.130137490151706,0.0907540369832067,0.823,0.100566048384759,1.16000000000076,1.17092999999999,0.0295283820955239
"p30_m100_n31",30,100,31,1.03333333333333,3.33333333333333,"Collapsed",1000,0.113040793016144,0.00364647719406915,0.156317525079738,0.0863915597604496,0.942,0.150683239974505,0.159999999999854,0.163420000000011,NA
"p30_m100_n31",30,100,31,1.03333333333333,3.33333333333333,"MLE",1000,0.0618459879113462,0.00199503186810794,0.108401314324943,NA,NA,0.150572344675993,0,0.000849999999996726,NA
"p30_m100_n31",30,100,31,1.03333333333333,3.33333333333333,"RWM",1000,0.114914161880334,0.0037069084477527,0.153778209989368,0.0842136770178715,0.699,0.150722590227043,1.82000000000062,1.82682,0.0189799949987497
"p3_m100_n6",3,100,6,2,33.3333333333333,"Collapsed",1000,0.0554076966212807,0.00923461610354678,0.277838392215375,0.277948187188626,0.952,0.0130110221142568,0.100000000000364,0.101809999999991,NA
"p3_m100_n6",3,100,6,2,33.3333333333333,"MLE",1000,0.0438247617651546,0.00730412696085909,0.274992836042207,NA,NA,0.0130208196812517,0,0.000360000000001492,NA
"p3_m100_n6",3,100,6,2,33.3333333333333,"RWM",1000,0.0573964304518772,0.00956607174197954,0.288392632832038,0.276684430871826,0.955,0.0130122468942632,0.839999999999236,0.84374,0.215278569642411
"p5_m100_n10",5,100,10,2,20,"Collapsed",1000,0.117232908582922,0.0117232908582922,0.31074930209294,0.292935716465151,0.941,0.0173523186283097,0.109999999999673,0.103929999999996,NA
"p5_m100_n10",5,100,10,2,20,"MLE",1000,0.0745868587968053,0.00745868587968053,0.295554463341645,NA,NA,0.0171866221143819,0,0.000499999999998181,NA
"p5_m100_n10",5,100,10,2,20,"RWM",1000,0.120058055142843,0.0120058055142843,0.326134616208792,0.289959458949359,0.926,0.0173831460436032,0.880000000000109,0.896250000000005,0.131354338584646
"p10_m100_n20",10,100,20,2,10,"Collapsed",1000,0.252493082964842,0.0126246541482421,0.395307847743817,0.307590952396249,0.9,0.0288955071742811,0.109999999999673,0.111689999999999,NA
"p10_m100_n20",10,100,20,2,10,"MLE",1000,0.147302468175335,0.00736512340876675,0.335482120060629,NA,NA,0.0284570209094221,0,0.000510000000005675,NA
"p10_m100_n20",10,100,20,2,10,"RWM",1000,0.253031628813528,0.0126515814406764,0.415934309795891,0.302767083587901,0.854,0.0289333808973475,0.970000000000255,0.988690000000016,0.0665886471617904
"p20_m100_n40",20,100,40,2,5,"Collapsed",1000,0.488769267580722,0.012219231689518,0.585257112522286,0.316057645002109,0.714,0.0544416808914118,0.130000000000109,0.130340000000001,NA
"p20_m100_n40",20,100,40,2,5,"MLE",1000,0.255200457526305,0.00638001143815763,0.406393418705302,NA,NA,0.0534101115748548,0,0.000639999999996689,NA
"p20_m100_n40",20,100,40,2,5,"RWM",1000,0.500017556279519,0.012500438906988,0.616825004500199,0.303500755323373,0.595,0.0545120708446774,1.30999999999949,1.31734999999999,0.0335143785946487
"p30_m100_n60",30,100,60,2,3.33333333333333,"Collapsed",1000,0.745688547258371,0.0124281424543062,0.813050897112447,0.31927485588514,0.486,0.0801421383686154,0.159999999999854,0.163369999999988,NA
"p30_m100_n60",30,100,60,2,3.33333333333333,"MLE",1000,0.383453361390097,0.00639088935650161,0.496229240029536,NA,NA,0.0784893372969351,0,0.000630000000001019,NA
"p30_m100_n60",30,100,60,2,3.33333333333333,"RWM",1000,0.748417081630689,0.0124736180271782,0.833629315538769,0.305676890647905,0.342,0.0801901194887808,2.03999999999996,2.05476999999999,0.0225078769692423
"p3_m100_n12",3,100,12,4,33.3333333333333,"Collapsed",1000,0.177825295607404,0.0148187746339504,0.654730081456671,0.636322587721321,0.944,0.00894733065696264,0.100000000000364,0.102380000000007,NA
"p3_m100_n12",3,100,12,4,33.3333333333333,"MLE",1000,0.128556938620021,0.0107130782183351,0.640072435473078,NA,NA,0.00884341769049353,0,0.000349999999997635,NA
"p3_m100_n12",3,100,12,4,33.3333333333333,"RWM",1000,0.17879974930665,0.0148999791088875,0.679754164852657,0.629098970733111,0.938,0.00904744801551241,0.840000000000146,0.859579999999996,0.171436359089772
"p5_m100_n20",5,100,20,4,20,"Collapsed",1000,0.314903977645057,0.0157451988822528,0.747158236302855,0.670831904475401,0.928,0.0107222714442956,0.100000000000364,0.103139999999994,NA
"p5_m100_n20",5,100,20,4,20,"MLE",1000,0.204619618926039,0.010230980946302,0.703731696913973,NA,NA,0.0104371229166998,0,0.000319999999998799,NA
"p5_m100_n20",5,100,20,4,20,"RWM",1000,0.306148632545198,0.0153074316272599,0.784789919607521,0.658715652768248,0.908,0.0107963861412546,0.869999999999891,0.872490000000003,0.103722680670168
"p10_m100_n40",10,100,40,4,10,"Collapsed",1000,0.647359638271381,0.0161839909567845,0.962930942488171,0.701881623065909,0.853,0.0166242337511337,0.109999999999673,0.110099999999978,NA
"p10_m100_n40",10,100,40,4,10,"MLE",1000,0.375661294800627,0.00939153237001567,0.800304340079088,NA,NA,0.0158058428610619,0,0.000520000000000437,NA
"p10_m100_n40",10,100,40,4,10,"RWM",1000,0.661334120383747,0.0165333530095937,1.04008498571443,0.67035923855675,0.806,0.0167359722622858,0.960000000000036,0.969660000000003,0.052119279819955
"p20_m100_n80",20,100,80,4,5,"Collapsed",1000,1.29201340781268,0.0161501675976585,1.4909452819549,0.719329716818391,0.583,0.0296471448485955,0.130000000000109,0.132240000000025,NA
"p20_m100_n80",20,100,80,4,5,"MLE",1000,0.688397008361511,0.00860496260451889,1.00711209320352,NA,NA,0.0278913280278189,0,0.000599999999996726,NA
"p20_m100_n80",20,100,80,4,5,"RWM",1000,1.29373256024328,0.016171657003041,1.55489861247919,0.648792961485357,0.457,0.0297518258538068,1.32500000000027,1.33518000000001,0.0263580895223806
"p30_m100_n120",30,100,120,4,3.33333333333333,"Collapsed",1000,1.91955443529206,0.0159962869607671,2.05151626833271,0.725392284720618,0.278,0.0427970118718782,0.159999999999854,0.164030000000002,NA
"p30_m100_n120",30,100,120,4,3.33333333333333,"MLE",1000,0.983017852167672,0.0081918154347306,1.21594237382218,NA,NA,0.0401125107111053,0,0.000840000000001965,NA
"p30_m100_n120",30,100,120,4,3.33333333333333,"RWM",1000,1.92249093203935,0.0160207577669946,2.11319954414842,0.640718523336302,0.186,0.0428861231033757,2.03999999999996,2.04865999999999,0.0175133783445861
"p3_m100_n24",3,100,24,8,33.3333333333333,"Collapsed",1000,0.46770289216214,0.0194876205067558,1.43667839265581,1.34738663598753,0.939,0.00742513429886402,0.0999999999994543,0.100050000000018,NA
"p3_m100_n24",3,100,24,8,33.3333333333333,"MLE",1000,0.35646227430458,0.0148525947626908,1.39784913925772,NA,NA,0.0072393419347511,0,0.000279999999999745,NA
"p3_m100_n24",3,100,24,8,33.3333333333333,"RWM",1000,0.484945246327562,0.0202060519303151,1.57261630865663,1.3033387328981,0.9,0.00765040207085693,0.829999999999927,0.83228999999999,0.126935483870968
"p5_m100_n40",5,100,40,8,20,"Collapsed",1000,0.629887248571817,0.0157471812142954,1.54036243893948,1.4131865946493,0.927,0.00723265378135384,0.109999999999673,0.106330000000009,NA
"p5_m100_n40",5,100,40,8,20,"MLE",1000,0.385527495804914,0.00963818739512285,1.44809801905681,NA,NA,0.00689290993055357,0,0.000349999999998545,NA
"p5_m100_n40",5,100,40,8,20,"RWM",1000,0.648659355030213,0.0162164838757553,1.70661051706676,1.34771265331777,0.873,0.00747998960202423,0.890000000000327,0.901870000000002,0.0766341585396349
"p10_m100_n80",10,100,80,8,10,"Collapsed",1000,1.36797477142264,0.017099684642783,2.0109265433434,1.47796658679437,0.855,0.0098148922504594,0.109999999999673,0.112600000000018,NA
"p10_m100_n80",10,100,80,8,10,"MLE",1000,0.764506642485942,0.00955633303107428,1.64930694172623,NA,NA,0.00890248647323413,0,0.000369999999998981,NA
"p10_m100_n80",10,100,80,8,10,"RWM",1000,1.38684762646665,0.0173355953308331,2.24465436559551,1.31329672818447,0.745,0.0101134891240893,0.989999999999782,0.997020000000013,0.038324831207802
"p20_m100_n160",20,100,160,8,5,"Collapsed",1000,2.92734664539838,0.0182959165337399,3.30980531826149,1.51509699711391,0.545,0.017145888257258,0.130000000000109,0.138080000000003,NA
"p20_m100_n160",20,100,160,8,5,"MLE",1000,1.59443418307249,0.00996521364420304,2.20894229784391,NA,NA,0.0149034620260372,0,0.000529999999995198,NA
"p20_m100_n160",20,100,160,8,5,"RWM",1000,2.92808889957536,0.018300555622346,3.50713487769272,1.21081451006137,0.346,0.0174640020802883,1.35999999999967,1.39761,0.019256064016004
"p30_m100_n240",30,100,240,8,3.33333333333333,"Collapsed",1000,4.22792669507333,0.0176163612294722,4.48206832013425,1.52643704656149,0.213,0.0244654555572593,0.159999999999854,0.161220000000015,NA
"p30_m100_n240",30,100,240,8,3.33333333333333,"MLE",1000,2.16134298483847,0.00900559577016028,2.61087518514166,NA,NA,0.0211287547897146,0,0.00114999999999873,NA
"p30_m100_n240",30,100,240,8,3.33333333333333,"RWM",1000,4.05860782449409,0.0169108659353921,4.48994529793556,1.11823316441918,0.122,0.0242546085670094,2.03000000000065,2.03860999999998,0.0128994748687172
"p3_m200_n4",3,200,4,1.33333333333333,66.6666666666667,"Collapsed",1000,0.0166405227499665,0.00416013068749162,0.110311439368653,0.108470163505319,0.95,0.00851003384614552,0.109999999999673,0.10703000000001,NA
"p3_m200_n4",3,200,4,1.33333333333333,66.6666666666667,"MLE",1000,0.0126949483706921,0.00317373709267303,0.108929921044075,NA,NA,0.00850196192027619,0,0.000269999999999527,NA
"p3_m200_n4",3,200,4,1.33333333333333,66.6666666666667,"RWM",1000,0.0189106193098357,0.00472765482745893,0.114912173292792,0.107855071249458,0.949,0.00851527614187761,0.829999999999927,0.830739999999986,0.126286321580395
"p5_m200_n6",5,200,6,1.2,40,"Collapsed",1000,0.019703898144363,0.00328398302406051,0.0900782043566451,0.0910741558474876,0.958,0.0130473175696537,0.109999999999673,0.111760000000008,NA
"p5_m200_n6",5,200,6,1.2,40,"MLE",1000,0.0131367537292963,0.00218945895488271,0.0882895602189204,NA,NA,0.0130387411582762,0,0.00037999999999829,NA
"p5_m200_n6",5,200,6,1.2,40,"RWM",1000,0.0191781954856047,0.00319636591426745,0.0956079222645346,0.0906581104442717,0.948,0.0130547869487485,0.880000000000109,0.881199999999994,0.0931380345086272
"p10_m200_n11",10,200,11,1.1,20,"Collapsed",1000,0.0269507315284189,0.00245006650258354,0.0818256477771909,0.0752930393044394,0.943,0.0251448084080707,0.119999999999891,0.118940000000016,NA
"p10_m200_n11",10,200,11,1.1,20,"MLE",1000,0.0147457616335352,0.00134052378486684,0.0772883469664329,NA,NA,0.0251356636486442,0,5e-04,NA
"p10_m200_n11",10,200,11,1.1,20,"RWM",1000,0.0263181754732536,0.00239256140665941,0.0875928535190307,0.0743567021569647,0.914,0.0251580756559499,0.940000000000509,0.945339999999995,0.0441220305076269
"p20_m200_n21",20,200,21,1.05,10,"Collapsed",1000,0.0407479307604415,0.00194037765525912,0.0830510167422177,0.0649508508661302,0.975,0.0501594284859579,0.140000000000327,0.140410000000014,NA
"p20_m200_n21",20,200,21,1.05,10,"MLE",1000,0.0217574742883889,0.00103607020420899,0.0684502559011594,NA,NA,0.0501560948264302,0,0.000589999999998327,NA
"p20_m200_n21",20,200,21,1.05,10,"RWM",1000,0.0399758468619616,0.0019036117553315,0.0820848808493671,0.0630725139601809,0.881,0.0501827651283576,1.15000000000055,1.16375000000001,0.0207664416104026
"p30_m200_n31",30,200,31,1.03333333333333,6.66666666666667,"Collapsed",1000,0.049403701645363,0.00159366779501171,0.100622397544625,0.0578400392246795,0.781,0.0749308897992136,0.170000000000073,0.178399999999989,NA
"p30_m200_n31",30,200,31,1.03333333333333,6.66666666666667,"MLE",1000,0.0279444895831676,0.000901435147844117,0.0660402295502195,NA,NA,0.0748987480814503,0,0.000659999999993488,NA
"p30_m200_n31",30,200,31,1.03333333333333,6.66666666666667,"RWM",1000,0.0543062804192703,0.00175181549739582,0.0873207489874215,0.0584518351175752,0.81,0.0749502724644763,1.81500000000005,1.82145,0.0134426106526632
"p3_m200_n6",3,200,6,2,66.6666666666667,"Collapsed",1000,0.0414784104595061,0.00691306840991768,0.206330197679686,0.195960981080592,0.948,0.00679170210888013,0.109999999999673,0.109149999999996,NA
"p3_m200_n6",3,200,6,2,66.6666666666667,"MLE",1000,0.0319199599328176,0.00531999332213627,0.203844396326498,NA,NA,0.00677106082903034,0,0.0004399999999996,NA
"p3_m200_n6",3,200,6,2,66.6666666666667,"RWM",1000,0.0410412680508949,0.00684021134181582,0.217377634566228,0.194519429768449,0.937,0.00682058306808134,0.830000000001746,0.84413000000002,0.151604901225306
"p5_m200_n10",5,200,10,2,40,"Collapsed",1000,0.0536184991148097,0.00536184991148097,0.214370091361114,0.205598061177548,0.939,0.00865965216674093,0.110000000000582,0.110079999999934,NA
"p5_m200_n10",5,200,10,2,40,"MLE",1000,0.0328590368802256,0.00328590368802256,0.209560945712207,NA,NA,0.00862316634134154,0,0.000349999999998545,NA
"p5_m200_n10",5,200,10,2,40,"RWM",1000,0.0553682290820422,0.00553682290820422,0.229093948618652,0.203616314849625,0.934,0.00868150509577064,0.869999999998981,0.870439999999995,0.0930487621905476
"p10_m200_n20",10,200,20,2,20,"Collapsed",1000,0.12391536462715,0.00619576823135752,0.254885939802583,0.215961886225086,0.925,0.0146024579827858,0.110000000000582,0.117760000000017,NA
"p10_m200_n20",10,200,20,2,20,"MLE",1000,0.0717467463069845,0.00358733731534923,0.232011283386617,NA,NA,0.014483864433624,0,0.000329999999996289,NA
"p10_m200_n20",10,200,20,2,20,"RWM",1000,0.125604729604717,0.00628023648023584,0.275315721517274,0.212361774436496,0.879,0.0146340569478569,0.960000000000946,0.964270000000004,0.0472165541385346
"p20_m200_n40",20,200,40,2,10,"Collapsed",1000,0.240392349772649,0.00600980874431622,0.329998133754929,0.222018713734413,0.879,0.0269091710612714,0.139999999999418,0.142279999999979,NA
"p20_m200_n40",20,200,40,2,10,"MLE",1000,0.123685440213238,0.00309213600533094,0.252466334592743,NA,NA,0.0266588340684989,0,0.000459999999995489,NA
"p20_m200_n40",20,200,40,2,10,"RWM",1000,0.246987352354438,0.00617468380886096,0.354045094564294,0.211929184494563,0.758,0.0269403228688059,1.28999999999905,1.29808999999998,0.0236481620405101
"p30_m200_n60",30,200,60,2,6.66666666666667,"Collapsed",1000,0.3698319763497,0.006163866272495,0.431338134227504,0.224275034919901,0.802,0.039595974141781,0.170000000000073,0.179819999999972,NA
"p30_m200_n60",30,200,60,2,6.66666666666667,"MLE",1000,0.188321369631153,0.00313868949385255,0.28500089953265,NA,NA,0.0391881191098105,0,0.000540000000004511,NA
"p30_m200_n60",30,200,60,2,6.66666666666667,"RWM",1000,0.37891412003301,0.00631523533388349,0.456115287635761,0.208156022010993,0.52,0.0396477730492986,2.03999999999905,2.06168999999997,0.015896224056014
"p3_m200_n12",3,200,12,4,66.6666666666667,"Collapsed",1000,0.0924563831768506,0.00770469859807088,0.440092233222074,0.446562756532532,0.956,0.0043424386058215,0.110000000000582,0.108809999999983,NA
"p3_m200_n12",3,200,12,4,66.6666666666667,"MLE",1000,0.0682890503223068,0.00569075419352557,0.434596631553913,NA,NA,0.00431368553370914,0,0.000370000000004438,NA
"p3_m200_n12",3,200,12,4,66.6666666666667,"RWM",1000,0.0992445438175705,0.00827037865146421,0.465122136882521,0.441266877176961,0.944,0.00436689176541376,0.829999999999927,0.837079999999978,0.121037259314829
"p5_m200_n20",5,200,20,4,40,"Collapsed",1000,0.168050171586644,0.00840250857933218,0.50684042793967,0.471027680305894,0.929,0.00531896473472265,0.110000000000582,0.112440000000037,NA
"p5_m200_n20",5,200,20,4,40,"MLE",1000,0.113325998716001,0.00566629993580004,0.489622125844822,NA,NA,0.00523008968644862,0,0.000309999999997672,NA
"p5_m200_n20",5,200,20,4,40,"RWM",1000,0.176916612631976,0.00884583063159878,0.557124820622212,0.459967098866345,0.898,0.00539142262750583,0.880000000001019,0.888680000000064,0.0732895723930983
"p10_m200_n40",10,200,40,4,20,"Collapsed",1000,0.300843294422681,0.00752108236056703,0.58028417709798,0.492383269206968,0.919,0.00790487032722273,0.119999999998981,0.119930000000037,NA
"p10_m200_n40",10,200,40,4,20,"MLE",1000,0.165090496530114,0.00412726241325286,0.520085424757873,NA,NA,0.0077248106638453,0,0.00043000000000211,NA
"p10_m200_n40",10,200,40,4,20,"RWM",1000,0.296270181854898,0.00740675454637246,0.642611644403447,0.466498365396161,0.848,0.00796495623734926,0.969999999999345,0.970290000000015,0.0369092273068267
"p20_m200_n80",20,200,80,4,10,"Collapsed",1000,0.636960039261977,0.00796200049077471,0.827130363189861,0.505036763507889,0.786,0.0141422428356291,0.140000000001237,0.147720000000027,NA
"p20_m200_n80",20,200,80,4,10,"MLE",1000,0.337508081771834,0.00421885102214792,0.622429770670057,NA,NA,0.0137067215647525,0,0.000360000000002401,NA
"p20_m200_n80",20,200,80,4,10,"RWM",1000,0.633367334438532,0.00791709168048165,0.902866260575146,0.446847752765841,0.63,0.0142094073994385,1.33999999999833,1.35078999999998,0.0185823955988997
"p30_m200_n120",30,200,120,4,6.66666666666667,"Collapsed",1000,0.944930686485584,0.00787442238737987,1.07917121616674,0.509374150545737,0.615,0.0206924154061682,0.180000000000291,0.181670000000026,NA
"p30_m200_n120",30,200,120,4,6.66666666666667,"MLE",1000,0.478891560737696,0.00399076300614747,0.705463406906555,NA,NA,0.0200171844653174,0,0.000449999999998909,NA
"p30_m200_n120",30,200,120,4,6.66666666666667,"RWM",1000,0.953492215453203,0.00794576846211003,1.15538014368502,0.42727491539713,0.391,0.0207843537356709,2.06999999999971,2.09231999999996,0.0124243560890223
"p3_m200_n24",3,200,24,8,66.6666666666667,"Collapsed",1000,-0.645779516442685,-0.0269074798517785,1.05580273831657,0.907549371454112,0.908,0.00469556261613046,0.110000000000582,0.112700000000001,NA
"p3_m200_n24",3,200,24,8,66.6666666666667,"MLE",1000,0.190005037410454,0.0079168765587689,0.920607622515701,NA,NA,0.00329240688040008,0,0.00031000000000131,NA
"p3_m200_n24",3,200,24,8,66.6666666666667,"RWM",1000,-0.640618085072349,-0.0266924202113479,1.12724635398548,0.871828782812642,0.873,0.00484033136043834,0.860000000000582,0.873369999999992,0.0884156039009752
"p5_m200_n40",5,200,40,8,40,"Collapsed",1000,0.305908609636905,0.00764771524092263,1.02593239632388,0.992084111013153,0.95,0.0034264012832779,0.110000000000582,0.111959999999994,NA
"p5_m200_n40",5,200,40,8,40,"MLE",1000,0.184684874518101,0.00461712186295253,0.993477521964422,NA,NA,0.00333908066618466,0,0.000290000000004511,NA
"p5_m200_n40",5,200,40,8,40,"RWM",1000,0.329333729236882,0.00823334323092204,1.17623844566136,0.924352768020479,0.889,0.00354703075926394,0.8700000000008,0.877980000000032,0.0544641160290073
"p10_m200_n80",10,200,80,8,20,"Collapsed",1000,0.725586552249818,0.00906983190312272,1.27481061310529,1.03827328364685,0.911,0.00460463019825013,0.1200000000008,0.121960000000005,NA
"p10_m200_n80",10,200,80,8,20,"MLE",1000,0.42747099000305,0.00534338737503812,1.12594330764056,NA,NA,0.00435517012295706,0,0.000440000000004147,NA
"p10_m200_n80",10,200,80,8,20,"RWM",1000,0.740411113647582,0.00925513892059478,1.4588841606781,0.888969710459987,0.742,0.00474542236841223,0.970000000001164,0.984760000000002,0.0272288072018004
"p20_m200_n160",20,200,160,8,10,"Collapsed",1000,1.4417548364275,0.00901096772767188,1.81098648805228,1.06322375929423,0.738,0.00784217766108464,0.139999999999418,0.141339999999977,NA
"p20_m200_n160",20,200,160,8,10,"MLE",1000,0.774976634150572,0.00484360396344108,1.33627135488899,NA,NA,0.00727967592094156,0,0.000509999999998399,NA
"p20_m200_n160",20,200,160,8,10,"RWM",1000,1.40977006424026,0.00881106290150161,1.97526963070982,0.782554289697273,0.482,0.00794295452619161,1.28000000000065,1.29127999999998,0.0136541635408852
"p30_m200_n240",30,200,240,8,6.66666666666667,"Collapsed",1000,2.127819875367,0.00886591614736251,2.39724507408245,1.07180460854141,0.575,0.0110936731045781,0.170000000000073,0.173429999999991,NA
"p30_m200_n240",30,200,240,8,6.66666666666667,"MLE",1000,1.11610605181825,0.00465044188257604,1.54891279147444,NA,NA,0.0102721506433414,0,0.000580000000005384,NA
"p30_m200_n240",30,200,240,8,6.66666666666667,"RWM",1000,1.92568211814238,0.00802367549225993,2.40241038585586,0.693285473022821,0.288,0.0110645376387046,2.02000000000044,2.02212000000002,0.00903825956489122
